cloneCount,Indiv,group,well,TRBV,Vb,CDR3b Sequence,Jb,TRBJ,TRBD,CDR3b Length,TRAV,Va,CDR3a Sequence,Ja,TRAJ,AJ,BJ,AJBJ
1,780,other,1A2,BV13-1,YFCAS,SEDSSYNSPL,YFA,BJ1-6,1,10,AV1,YLCAV,RDQGNTGKL,IFG,AJ37,AV1.AJ37,BV13-1.BJ1-6,AV1.AJ37_BV13-1.BJ1-6
1,780,other,1A3,BV13-1,YFCAS,SEDSNSPL,YFA,BJ1-6,1,8,AV13N-1,YLCAM,HTGANTGKL,TFG,AJ52,AV13N-1.AJ52,BV13-1.BJ1-6,AV13N-1.AJ52_BV13-1.BJ1-6
1,780,other,1A4,BV13-1,YFCAS,SEDNSGNTL,YFG,BJ1-3,1,9,AV7-5,YLCAV,ISSGSWQL,IFG,AJ22,AV7-5.AJ22,BV13-1.BJ1-3,AV7-5.AJ22_BV13-1.BJ1-3
1,780,other,1A6,BV13-1,YFCAS,SEDSSQNTL,YFG,BJ2-4,1,9,AV6-3,YYCAM,RDSAGNTGKL,IFG,AJ37,AV6-3.AJ37,BV13-1.BJ2-4,AV6-3.AJ37_BV13-1.BJ2-4
1,780,other,1A7,BV13-1,YFCAS,SEDSSYNSPL,YFA,BJ1-6,1,10,AV1,YLCAV,RDQGNTGKL,IFG,AJ37,AV1.AJ37,BV13-1.BJ1-6,AV1.AJ37_BV13-1.BJ1-6
1,780,other,1A8,BV19,FLCAS,SIGGTSAETL,YFG,BJ2-3,2,10,AV11,YICVV,GGDSGYNKL,TFG,AJ11,AV11.AJ11,BV19.BJ2-3,AV11.AJ11_BV19.BJ2-3
1,780,other,1A10,BV13-1,YFCAS,SEDSSQNTL,YFG,BJ2-4,1,9,AV6-3,YYCAM,RDSAGNTGKL,IFG,AJ37,AV6-3.AJ37,BV13-1.BJ2-4,AV6-3.AJ37_BV13-1.BJ2-4
1,780,other,1B3,BV29,YFCAS,SLSGTTNTEV,FFG,BJ1-1,1,10,AV6-7/DV9,YYCAL,SDYDTNAYKV,IFG,AJ30,AV6-7/DV9.AJ30,BV29.BJ1-1,AV6-7/DV9.AJ30_BV29.BJ1-1
1,780,other,1B5,BV13-1,YFCAS,SEDSSQNTL,YFG,BJ2-4,1,9,AV6-3,YYCAM,RDSAGNTGKL,IFG,AJ37,AV6-3.AJ37,BV13-1.BJ2-4,AV6-3.AJ37_BV13-1.BJ2-4
1,780,other,1B7,BV13-1,YFCAS,SEDSSQNTL,YFG,BJ2-4,1,9,AV6-3,YYCAM,RDSAGNTGKL,IFG,AJ37,AV6-3.AJ37,BV13-1.BJ2-4,AV6-3.AJ37_BV13-1.BJ2-4
1,780,other,1B8,BV13-1,YFCAS,SDLGLGGDYAEQ,FFG,BJ2-1,2,12,AV16D/DV11,YFCAM,REGWNTEGADRL,TFG,AJ45,AV16D/DV11.AJ45,BV13-1.BJ2-1,AV16D/DV11.AJ45_BV13-1.BJ2-1
1,780,other,1B9,BV13-1,YFCAS,SEDSSGNTL,YFG,BJ1-3,1,9,AV6D-4,YFCAL,VDRTGNTGKL,IFG,AJ37,AV6D-4.AJ37,BV13-1.BJ1-3,AV6D-4.AJ37_BV13-1.BJ1-3
1,780,other,1B10,BV26,YLCAS,RQGNNQAP,LFG,BJ1-5,1,8,AV9D-4,YFCVL,SALDSNYQL,IWG,AJ33,AV9D-4.AJ33,BV26.BJ1-5,AV9D-4.AJ33_BV26.BJ1-5
1,780,other,1C1,BV29,YFCAS,SLSGTTNTEV,FFG,BJ1-1,1,10,AV6-7/DV9,YYCAL,SDYDTNAYKV,IFG,AJ30,AV6-7/DV9.AJ30,BV29.BJ1-1,AV6-7/DV9.AJ30_BV29.BJ1-1
1,780,other,1C2,BV13-1,YFCAS,SEDSSQNTL,YFG,BJ2-4,1,9,AV6-3,YYCAM,RDSAGNTGKL,IFG,AJ37,AV6-3.AJ37,BV13-1.BJ2-4,AV6-3.AJ37_BV13-1.BJ2-4
1,780,other,1C4,BV13-1,YFCAS,SEDSNSPL,YFA,BJ1-6,1,8,AV13N-1,YLCAM,HTGANTGKL,TFG,AJ52,AV13N-1.AJ52,BV13-1.BJ1-6,AV13N-1.AJ52_BV13-1.BJ1-6
1,780,other,1C5,BV29,YFCAS,SLSGTTNTEV,FFG,BJ1-1,1,10,AV6-7/DV9,YYCAL,SDYDTNAYKV,IFG,AJ30,AV6-7/DV9.AJ30,BV29.BJ1-1,AV6-7/DV9.AJ30_BV29.BJ1-1
1,780,other,1C6,BV29,YFCAS,SLSGTTNTEV,FFG,BJ1-1,1,10,AV6-7/DV9,YYCAL,SDYDTNAYKV,IFG,AJ30,AV6-7/DV9.AJ30,BV29.BJ1-1,AV6-7/DV9.AJ30_BV29.BJ1-1
1,780,other,1C7,BV29,YFCAS,SLSGTTNTEV,FFG,BJ1-1,1,10,AV6-7/DV9,YYCAL,SDYDTNAYKV,IFG,AJ30,AV6-7/DV9.AJ30,BV29.BJ1-1,AV6-7/DV9.AJ30_BV29.BJ1-1
1,780,other,1C8,BV13-1,YFCAS,SEDSSQNTL,YFG,BJ2-4,1,9,AV6-3,YYCAM,RDSAGNTGKL,IFG,AJ37,AV6-3.AJ37,BV13-1.BJ2-4,AV6-3.AJ37_BV13-1.BJ2-4
1,780,other,1C10,BV13-1,YFCAS,SDLGLGGDYAEQ,FFG,BJ2-1,2,12,AV16D/DV11,YFCAM,REGWNTEGADRL,TFG,AJ45,AV16D/DV11.AJ45,BV13-1.BJ2-1,AV16D/DV11.AJ45_BV13-1.BJ2-1
1,780,other,1D6,BV29,YFCAS,SLSGTTNTEV,FFG,BJ1-1,1,10,AV6-7/DV9,YYCAL,SDYDTNAYKV,IFG,AJ30,AV6-7/DV9.AJ30,BV29.BJ1-1,AV6-7/DV9.AJ30_BV29.BJ1-1
1,780,other,1D7,BV13-1,YFCAS,SDLGLGGDYAEQ,FFG,BJ2-1,2,12,AV16D/DV11,YFCAM,REGWNTEGADRL,TFG,AJ45,AV16D/DV11.AJ45,BV13-1.BJ2-1,AV16D/DV11.AJ45_BV13-1.BJ2-1
1,780,other,1D8,BV13-1,YFCAS,SEDSSYNSPL,YFA,BJ1-6,1,10,AV1,YLCAV,RDQGNTGKL,IFG,AJ37,AV1.AJ37,BV13-1.BJ1-6,AV1.AJ37_BV13-1.BJ1-6
1,780,other,1D9,BV29,YFCAS,SLSGTTNTEV,FFG,BJ1-1,1,10,AV6-7/DV9,YYCAL,SDYDTNAYKV,IFG,AJ30,AV6-7/DV9.AJ30,BV29.BJ1-1,AV6-7/DV9.AJ30_BV29.BJ1-1
1,780,other,1.00E+01,BV29,YFCAS,SLSGTTNTEV,FFG,BJ1-1,1,10,AV6-7/DV9,YYCAL,SDYDTNAYKV,IFG,AJ30,AV6-7/DV9.AJ30,BV29.BJ1-1,AV6-7/DV9.AJ30_BV29.BJ1-1
1,780,other,1.00E+02,BV13-1,YFCAS,SEDNSGNTL,YFG,BJ1-3,1,9,AV7-5,YLCAV,ISSGSWQL,IFG,AJ22,AV7-5.AJ22,BV13-1.BJ1-3,AV7-5.AJ22_BV13-1.BJ1-3
1,780,other,1.00E+04,BV13-1,YFCAS,SEDSNSPL,YFA,BJ1-6,1,8,AV13N-1,YLCAM,HTGANTGKL,TFG,AJ52,AV13N-1.AJ52,BV13-1.BJ1-6,AV13N-1.AJ52_BV13-1.BJ1-6
1,780,other,1.00E+05,BV13-1,YFCAS,SEDSSYNSPL,YFA,BJ1-6,1,10,AV1,YLCAV,RDQGNTGKL,IFG,AJ37,AV1.AJ37,BV13-1.BJ1-6,AV1.AJ37_BV13-1.BJ1-6
1,780,other,1.00E+06,BV19,FLCAS,SIGGTSAETL,YFG,BJ2-3,2,10,AV11,YICVV,GGDSGYNKL,TFG,AJ11,AV11.AJ11,BV19.BJ2-3,AV11.AJ11_BV19.BJ2-3
1,780,other,1.00E+08,BV13-1,YFCAS,SEDSSQNTL,YFG,BJ2-4,1,9,AV6-3,YYCAM,RDSAGNTGKL,IFG,AJ37,AV6-3.AJ37,BV13-1.BJ2-4,AV6-3.AJ37_BV13-1.BJ2-4
1,780,other,1.00E+10,BV29,YFCAS,SLSGTTNTEV,FFG,BJ1-1,1,10,AV6-7/DV9,YYCAL,SDYDTNAYKV,IFG,AJ30,AV6-7/DV9.AJ30,BV29.BJ1-1,AV6-7/DV9.AJ30_BV29.BJ1-1
1,780,other,1F1,BV29,YFCAS,SLSGTTNTEV,FFG,BJ1-1,1,10,AV6-7/DV9,YYCAL,SDYDTNAYKV,IFG,AJ30,AV6-7/DV9.AJ30,BV29.BJ1-1,AV6-7/DV9.AJ30_BV29.BJ1-1
1,780,other,1F2,BV19,FLCAS,SMGGAGAETL,YFG,BJ2-3,2,10,AV6-7/DV9,YYCAL,SDYDTNAYKV,IFG,AJ30,AV6-7/DV9.AJ30,BV19.BJ2-3,AV6-7/DV9.AJ30_BV19.BJ2-3
1,780,other,1F3,BV13-1,YFCAS,SDLGLGGDYAEQ,FFG,BJ2-1,2,12,AV16D/DV11,YFCAM,REGWNTEGADRL,TFG,AJ45,AV16D/DV11.AJ45,BV13-1.BJ2-1,AV16D/DV11.AJ45_BV13-1.BJ2-1
1,780,other,1F4,BV13-1,YFCAS,SDLGLGGDYAEQ,FFG,BJ2-1,2,12,AV16D/DV11,YFCAM,REGWNTEGADRL,TFG,AJ45,AV16D/DV11.AJ45,BV13-1.BJ2-1,AV16D/DV11.AJ45_BV13-1.BJ2-1
1,780,other,1F5,BV19,FLCAS,SMGGAGAETL,YFG,BJ2-3,2,10,AV6-7/DV9,YYCAL,SDYDTNAYKV,IFG,AJ30,AV6-7/DV9.AJ30,BV19.BJ2-3,AV6-7/DV9.AJ30_BV19.BJ2-3
1,780,other,1F7,BV19,FLCAS,SMGGAGAETL,YFG,BJ2-3,2,10,AV6-7/DV9,YYCAL,SDYDTNAYKV,IFG,AJ30,AV6-7/DV9.AJ30,BV19.BJ2-3,AV6-7/DV9.AJ30_BV19.BJ2-3
1,780,other,1F8,BV13-1,YFCAS,SEDSSYNSPL,YFA,BJ1-6,1,10,AV1,YLCAV,RDQGNTGKL,IFG,AJ37,AV1.AJ37,BV13-1.BJ1-6,AV1.AJ37_BV13-1.BJ1-6
1,780,other,1F9,BV13-1,YFCAS,SEDSSYNSPL,YFA,BJ1-6,1,10,AV1,YLCAV,RDQGNTGKL,IFG,AJ37,AV1.AJ37,BV13-1.BJ1-6,AV1.AJ37_BV13-1.BJ1-6
1,780,other,1F10,BV19,FLCAS,SMGGAGAETL,YFG,BJ2-3,2,10,AV6-7/DV9,YYCAL,SDYDTNAYKV,IFG,AJ30,AV6-7/DV9.AJ30,BV19.BJ2-3,AV6-7/DV9.AJ30_BV19.BJ2-3
1,780,other,1G2,BV13-1,YFCAS,SEDSSQNTL,YFG,BJ2-4,1,9,AV6-3,YYCAM,RDSAGNTGKL,IFG,AJ37,AV6-3.AJ37,BV13-1.BJ2-4,AV6-3.AJ37_BV13-1.BJ2-4
1,780,other,1G3,BV13-1,YFCAS,SEDSSQNTL,YFG,BJ2-4,1,9,AV6-3,YYCAM,RDSAGNTGKL,IFG,AJ37,AV6-3.AJ37,BV13-1.BJ2-4,AV6-3.AJ37_BV13-1.BJ2-4
1,780,other,1G4,BV29,YFCAS,SLSGTTNTEV,FFG,BJ1-1,1,10,AV6-7/DV9,YYCAL,SDYDTNAYKV,IFG,AJ30,AV6-7/DV9.AJ30,BV29.BJ1-1,AV6-7/DV9.AJ30_BV29.BJ1-1
1,780,other,1G6,BV13-1,YFCAS,SEDSNSPL,YFA,BJ1-6,1,8,AV13N-1,YLCAM,HTGANTGKL,TFG,AJ52,AV13N-1.AJ52,BV13-1.BJ1-6,AV13N-1.AJ52_BV13-1.BJ1-6
1,780,other,1G7,BV19,FLCAS,SIGGTGQDTQ,YFG,BJ2-5,2,10,AV6-7/DV9,YYCAL,GDYDTNAYKV,IFG,AJ30,AV6-7/DV9.AJ30,BV19.BJ2-5,AV6-7/DV9.AJ30_BV19.BJ2-5
1,780,other,1G10,BV4,FLCAS,SAQGPLNERL,FFG,BJ1-4,1,10,AV6-6,YYCAL,GSGGSNYKL,TFG,AJ53,AV6-6.AJ53,BV4.BJ1-4,AV6-6.AJ53_BV4.BJ1-4
1,780,other,1H1,BV19,YFCAS,SMGGAGAETL,YFG,BJ2-3,2,10,AV6-7/DV9,YYCAL,SDYDTNAYKV,IFG,AJ30,AV6-7/DV9.AJ30,BV19.BJ2-3,AV6-7/DV9.AJ30_BV19.BJ2-3
1,780,other,1H3,BV13-1,YFCAS,SEDSSQNTL,YFG,BJ2-4,1,9,AV6-3,YYCAM,RDSAGNTGKL,IFG,AJ37,AV6-3.AJ37,BV13-1.BJ2-4,AV6-3.AJ37_BV13-1.BJ2-4
1,780,other,1H4,BV13-1,YFCAS,SEDSSQNTL,YFG,BJ2-4,1,9,AV6-3,YYCAM,RDSAGNTGKL,IFG,AJ37,AV6-3.AJ37,BV13-1.BJ2-4,AV6-3.AJ37_BV13-1.BJ2-4
1,780,other,1H6,BV13-1,YFCAS,SEDSSYNSPL,YFA,BJ1-6,1,10,AV1,YLCAV,RDQGNTGKL,IFG,AJ37,AV1.AJ37,BV13-1.BJ1-6,AV1.AJ37_BV13-1.BJ1-6
1,780,other,1H7,BV13-1,YFCAS,SGDRSSYEQ,YFG,BJ2-7,1,9,AV5-4,YFCAA,SDAYKV,IFG,AJ30,AV5-4.AJ30,BV13-1.BJ2-7,AV5-4.AJ30_BV13-1.BJ2-7