Sequence number,Sequence ID,V-DOMAIN Functionality,V-GENE and allele,V-REGION identity %,J-GENE and allele,J-REGION identity %,D-GENE and allele,JUNCTION frame,Sequence,JUNCTION,JUNCTION (with frameshift),CDR3-IMGT,CDR3-IMGT (AA),JUNCTION (AA),JUNCTION (AA) (with frameshift),V.sequence.quality.check,chromatogram_check,clone_quality,comments
1,T00024.CD8A-A3_A01.seq,productive,AV19*01,100,AJ40*01,98.31,NA,in-frame,tgtgaccttggactgtgtgtatgaaacccgtgatactacttattacttattctggtacaagcaaccaccaagtggagaattggttttccttattcgtcggaactcttttgatgagcaaaatgaaataagtggtcggtattcttggaacttccagaaatccaccagttccttcaacttcaccatcacagcctcacaagtcgtggactcagcagtatacttctgtgctctgagtgaggccacctcaggaacctacaaatacatctttggaacaggcaccaggctgaaggttttagcaaatatccagaaccctgaccctgccgtgtaccagctgagagactctaaatccagtgacaagtctgtctgcctattcaccgattttgattctcaaacaaatgtgtcacaaagtaaggattctgatgtgtatatcacagacattccccgagaaaaatctaaa,TGTGCTCTGAGTGAGGCCACCTCAGGAACCTACAAATACATCTTT,NA,gctctgagtgaggccacctcaggaacctacaaatacatc,ALSEATSGTYKYI,CALSEATSGTYKYIF,NA,No issue flagged by IMGT,NA,pass,NA
2,T00024.CD8A-A4_B01.seq,productive,AV29/DV5*04,99.34640503,AJ48*01,98.41,NA,in-frame,tctgctgaaggtcctacattcctgatatctataagttccattaaggataaaaatgaagatggaagattcactgttttcttaaacaaaagtgccaagcacctctctctgcacattgtgccctcccagcctggagactctgcagtgtacttctgtgcagcaagcgctttagctaactttggaaatgagaaattaacctttgggactggaacaagactcaccatcatacccaatatccagaaccctgaccctgccgtgtaccagctgagagactctaaatccagtgacaagtctgtctgcctattcaccgattttgattctcaaacaaatgtgtcacaaagtaaggattctgatgtgtatatcacagacataccccggcacagggcaa,TGTGCAGCAAGCGCTTTAGCTAACTTTGGAAATGAGAAATTAACCTTT,NA,gcagcaagcgctttagctaactttggaaatgagaaattaacc,AASALANFGNEKLT,CAASALANFGNEKLTF,NA,No issue flagged by IMGT,NA,pass,NA
3,T00024.CD8A-A7_C01.seq,unproductive,AV19*01,98.2142868,AJ23*01,96.23,NA,out-of-frame,ttgtgtccttggactgtgtgtatgaaacccgtgatactacttattacttattctggtacaagcaaccaccaagtggagaattggttttccttattcgtcggaactcttttgatgagcaaaatgaaataagtggtcggtattcttggaacttccagaaatccaccagttccttcaacttcaccatcacagcctcacaagtggtggactcagcagtatagttctgtgttagggaggaaagcttatcttcggacagggaacggagttatctgtgaaacccaatatccagaaccctgaccctgccgtgtaccagctgagagactctaaatccagtgacaagtctgtctgcctattcaccgattttgattctcaaacaaatgtgtcacaaagtaaggattctgatgtgtatatcactgacgttcccacgccacgaattccca,TGTGTTAGGGAGGAAAGCTTATCTTC,tgtgtt.agggaggaaagcttatcttc,gttagggaggaaagcttatc,VREESL,CVREESLS,CV#GGKLIF,Unproductive issue,NA,fail,"stop codons, two sequences unable to resolve"
4,T00024.CD8A-A9_D01.seq,unproductive,AV16*01,70.58823395,AJ9*01,95.08,NA,in-frame,gattgtgaaacttggactgtgtgtatgaaacccgtgatactacttattacttattctggtacaagcaaccaccaagtggagaattgtccagtactccagacaacgcctccagttactcttgagacacatctctagagagagcatcaaaggcttcactgctgaccttaacaaaggcgagacatctttccacctgaagaaaccatttgctcaagaggaagactcagccatgtattactgtgcttttaatactggaggcttcaaaactatctttggagcaggaacaagactatttgttaaagcaaatatccagaaccctgaccctgccgtgtaccagctgagagactctaaatccagtgacaagtctgtctgcctattcaccgattttgattctcaaacaaatgtgtcacaaagtaaggattctgatgtgtatatcacagacaaaactgccgtacgttt,TGTGCTTTTAATACTGGAGGCTTCAAAACTATCTTT,NA,gcttttaatactggaggcttcaaaactatc,AFNTGGFKTI,CAFNTGGFKTIF,NA,Unproductive issue,NA,pass,"also contains TRAV19 at start of sequence, need specific priming for greater certainty"
5,T00024.CD8A-B4_E01.seq,productive,"AV9-2*01,AV9-2*02,AV9-2*03,AV9-2*04",98.50746155,AJ42*01,98.48,NA,in-frame,tgaaaccacttctttccacttggagaaaggctcagttcaagtgtcagactcagcggtgtacttctgtgctctgagtgattggaattatggaggaagccaaggaaatctcatctttggaaaaggcactaaactctctgttaaaccaaatatccagaaccctgaccctgccgtgtaccagctgagagactctaaatccagtgacaagtctgtctgcctattcaccgattttgattctcaaacaaatgtgtcacaaagtaaggattctgatgtgtatatcacagacaaaatctgccgaacggat,TGTGCTCTGAGTGATTGGAATTATGGAGGAAGCCAAGGAAATCTCATCTTT,NA,gctctgagtgattggaattatggaggaagccaaggaaatctcatc,ALSDWNYGGSQGNLI,CALSDWNYGGSQGNLIF,NA,No issue flagged by IMGT,NA,pass,NA
6,T00024.CD8A-C2_F01.seq,productive,AV14/DV4*03,98.68995667,AJ42*01,89.39,NA,in-frame,tcaggctgtgaatctggactgcacatatgacaccagtgatccaagttatggtctattctggtacaagcagcccagcagtggggaaatgatttttcttatttatcaggggtcttatgaccagcaaaatgcaacagaaggtcgctactcattgaatttccagaaggcaagaaaatccgccaaccttgtcatctccgcttcacaactgggggactcagcaatgtatttctgtgcaatgagagagggcggaggaagccaaggaaatctcatctttggaaaaggcactaaactctctgttaaaccaaatatccagaaccctgaccctgccgtgtaccagctgagagactctaaatccagtgacaagtctgtctgcctattcaccgattttgattctcaaacaaatgtgtcacaaagtaaggattctgatgtgtatatcacagacaaaaactgcccgtaacgc,TGTGCAATGAGAGAGGGCGGAGGAAGCCAAGGAAATCTCATCTTT,NA,gcaatgagagagggcggaggaagccaaggaaatctcatc,AMREGGGSQGNLI,CAMREGGGSQGNLIF,NA,J Identity issue,NA,pass,manually resolved issue
7,T00024.CD8A-C6_H01.seq,productive,AV41*01,99.21260071,AJ34*01,96.55,NA,in-frame,tttgtttatgctgagctcagggaagaagaagcatggaagattaattgccacaataaacatacaggaaaagcacagctccctgcacatcacagcctcccatcccagagactctgccgtctacatctgtgctgccaggttctataacaccgacaagctcatctttgggactgggaccagattacaagtctttccaaatatccagaaccctgaccctgccgtgtaccagctgagagactctaaatccagtgacaagtctgtctgcctattcaccgattttgattctcaaacaaatgtgtcacaaagtaaggattctgatgtgtatatcacagacaaaactgctgtacgg,TGTGCTGCCAGGTTCTATAACACCGACAAGCTCATCTTT,NA,gctgccaggttctataacaccgacaagctcatc,AARFYNTDKLI,CAARFYNTDKLIF,NA,No issue flagged by IMGT,NA,pass,NA
8,T00024.CD8A-C8_A02.seq,unproductive,AV8-3*01,95.45454407,AJ42*01,100,NA,out-of-frame,ttttgaggctgaatttaagaggagtcaatcttccttcaatctgaggaaaccctctgtgcattggagtgatgctgctgagtacttcccctggaggaagccaaggaaatctcatctttggaaaaggcactaaactctctgttaaaccaaatatccagaaccctgaccctgccgtgtaccagctgagagactctaaatccagtgacaagtctgtctgcctattcaccgattttgattctcaaacaaatgtgtcacaaagtaaggattccgatgtgtatatcactgacaaaccagcacaaaggccgca,CCCTGGAGGAAGCCAAGGAAATCTCATCTTT,ccc..tggaggaagccaaggaaatctcatcttt,tggaggaagccaaggaaatctcatc,WRKPRKSH,PWRKPRKSHL,P#GGSQGNLIF,Unproductive issue,NA,fail," stop codons, clean sequencing, true unproductive"
9,T00024.CD8A-D10_E02.seq,productive,"AV20*01,AV20*02,AV20*03,AV20*04",100,AJ23*01,90.74,NA,in-frame,ttctggtataggcaagatcctgggaaaggccctgaattcctcttcaccctgtattcagctggggaagaaaaggagaaagaaaggctaaaagccacattaacaaagaaggaaagctttctgcacatcacagcccctaaacctgaagactcagccacttatctctgtgctgtgcaggctcccggtggaaagcttatcttcggacagggaacggagttatctgtgaaacccaatatccagaaccctgaccctgccgtgtaccagctgagagactctaaatccagtgacaagtctgtctgcctattcaccgattttgattctcaaacaaatgtgtcacaaagtaaggattctgatgtgtatatcacagacaaaaacggcaagccacgcg,TGTGCTGTGCAGGCTCCCGGTGGAAAGCTTATCTTC,NA,gctgtgcaggctcccggtggaaagcttatc,AVQAPGGKLI,CAVQAPGGKLIF,NA,No issue flagged by IMGT,NA,pass,NA
10,T00024.CD8A-D3_B02.seq,productive,"AV38-1*01,AV38-1*02,AV38-1*03,AV38-1*04",99.35484314,AJ43*01,96.3,NA,in-frame,tcagcaggcagatgattctcgttattcgccaagaagcttataagcaacagaatgcaacggagaatcgtttctctgtgaacttccagaaagcagccaaatccttcagtctcaagatctcagactcacagctgggggacactgcgatgtatttctgtgctttcgaggactgggtcgataacaatgacatgcgctttggagcagggaccagactgacagtaaaaccaaatatccagaaccctgaccctgccgtgtaccagctgagagactctaaatccagtgacaagtctgtctgcctattcaccgattttgattctcaaacaaatgtgtcacaaagtaaggattctgatgtgtatatcacagacaaaaacgctgaaacgag,TGTGCTTTCGAGGACTGGGTCGATAACAATGACATGCGCTTT,NA,gctttcgaggactgggtcgataacaatgacatgcgc,AFEDWVDNNDMR,CAFEDWVDNNDMRF,NA,No issue flagged by IMGT,NA,pass,NA
11,T00024.CD8A-D6_C02.seq,productive,"AV38-1*01,AV38-1*02,AV38-1*03,AV38-1*04",99.35484314,AJ43*01,96.3,NA,in-frame,tcagcaggcagatgattctcgttattcgccaagaagcttataagcaacagaatgcaacggagaatcgtttctctgtgaacttccagaaagcagccaaatccttcagtctcaagatctcagactcacagctgggggacactgcgatgtatttctgtgctttcgaggactgggtcgataacaatgacatgcgctttggagcagggaccagactgacagtaaaaccaaatatccagaaccctgaccctgccgtgtaccagctgagagactctaaatccagtgacaagtctgtctgcctattcaccgattttgattctcaaacaaatgtgtcacaaagtaaggattctgatgtgtatatcacagacatacactaacaaaggcat,TGTGCTTTCGAGGACTGGGTCGATAACAATGACATGCGCTTT,NA,gctttcgaggactgggtcgataacaatgacatgcgc,AFEDWVDNNDMR,CAFEDWVDNNDMRF,NA,No issue flagged by IMGT,NA,pass,NA
12,T00024.CD8A-D8_D02.seq,productive,"AV12-2*01,AV12-2*02,AV12-2*03",100,AJ33*01,100,NA,in-frame,aagatggaaggtttacagcacagctcaataaagccagccagtatgtttctctgctcatcagagactcccagcccagtgattcagccacctacctctgtgccgtgaacatggatagcaactatcagttaatctggggcgctgggaccaagctaattataaagccagatatccagaaccctgaccctgccgtgtaccagctgagagactctaaatccagtgacaagtctgtctgcctattcaccgattttgattctcaaacaaatgtgtcacaaagtaaggattctgatgtgtatatcacagacaaaccagagggagttcc,TGTGCCGTGAACATGGATAGCAACTATCAGTTAATCTGG,NA,gccgtgaacatggatagcaactatcagttaatc,AVNMDSNYQLI,CAVNMDSNYQLIW,NA,J Identity issue,NA,pass,low abunadance 2nd sequence
13,T00024.CD8A-E8_F02.seq,productive,AV13-1*02,100,AJ31*01,92.73,NA,in-frame,ttcagacagtgcctcaaactacttcccttggtataagcaagaacttggaaaaagacctcagcttattatagacattcgttcaaatgtgggcgaaaagaaagaccaacgaattgctgttacattgaacaagacagccaaacatttctccctgcacatcacagagacccaacctgaagactcggctgtctacttctgtgcagcaggcgacaatgccagactcatgtttggagatggaactcagctggtggtgaagcccaatatccagaaccctgaccctgccgtgtaccagctgagagactctaaatccagtgacaagtctgtctgcctattcaccgattttgattctcaaacaaatgtgtcacaaagtaaggattctgatgtgtatatcacagacattatcgggccggaggcca,TGTGCAGCAGGCGACAATGCCAGACTCATGTTT,NA,gcagcaggcgacaatgccagactcatg,AAGDNARLM,CAAGDNARLMF,NA,No issue flagged by IMGT,NA,pass,NA
14,T00024.CD8A-F10_A03.seq,productive,"AV9-2*01,AV9-2*02,AV9-2*03,AV9-2*04",98.50746155,AJ48*01,93.44,NA,in-frame,tgaaaccacttctttccacttggagaaaggctcagttcaagtgtcagactcagcggtgtacttctgtgctctggcagaccttggaaatgagaaattaacctttgggactggaacaagactcaccatcatacccaatatccagaaccctgaccctgccgtgtaccagctgagagactctaaatccagtgacaagtctgtctgcctattcaccgattttgattctcaaacaaatgtgtcacaaagtaaggattctgatgtgtatatcacagacaaacctgctgtactg,TGTGCTCTGGCAGACCTTGGAAATGAGAAATTAACCTTT,NA,gctctggcagaccttggaaatgagaaattaacc,ALADLGNEKLT,CALADLGNEKLTF,NA,No issue flagged by IMGT,NA,pass,NA
15,T00024.CD8A-F6_G02.seq,productive,AV36/DV7*05,100,AJ39*01,91.67,NA,in-frame,atctctggttgtccacgagggagacaccgtaactctcaattgcagttatgaagtgactaactttcgaagcctactatggtacaagcaggaaaagaaagctcccacatttctatttatgctaacttcaagtggaattgaaaagaagtcaggaagactaagtagcatattagataagaaagaacttttcagcatcctgaacatcacagccacccagaccggagactcggccatctacctctgtgctgtggaggccccgaatgcaggcaacatgctcacctttggagggggaacaaggttaatggtcaaaccccatatccagaaccctgaccctgccgtgtaccagctgagagactctaaatccagtgacaagtctgtctgcctattcaccgattttgattctcaaacaaatgtgtcacaaagtaaggattctgatgtgtatatcacagacaaacctaccgcgacggg,TGTGCTGTGGAGGCCCCGAATGCAGGCAACATGCTCACCTTT,NA,gctgtggaggccccgaatgcaggcaacatgctcacc,AVEAPNAGNMLT,CAVEAPNAGNMLTF,NA,No issue flagged by IMGT,NA,pass,NA
16,T00024.CD8A-F9_H02.seq,productive,"AV13-2*01,AV13-2*02",98.48484802,AJ11*01,100,NA,in-frame,tcagtgaaacatctctctctgcaaattgcagctactcaacctggagactcagctgtctacttttgtgcagagacaggatacagcaccctcacctttgggaaggggactatgcttctagtctctccagatatccagaaccctgaccctgccgtgtaccagctgagagactctaaatccagtgacaagtctgtctgcctattcaccgattttgattctcaaacaaatgtgtcacaaagtaaggattctgatgtgtatatcacagacaaaactgctgtaacgtg,TGTGCAGAGACAGGATACAGCACCCTCACCTTT,NA,gcagagacaggatacagcaccctcacc,AETGYSTLT,CAETGYSTLTF,NA,J Identity issue,NA,pass,NA
17,T00024.CD8A-G1_B03.seq,unproductive,"AV13-2*01,AV13-2*02",58.10810852,AJ45*01,100,NA,out-of-frame,agaagcatggtgaagcacccgtcttcctgatgatattactgaagggtggagaacagaagggtcatgacaaaatatctgcttctcagtgaaacatctctctctgcaaattgcagctactcaacctggagactcagctgtctacttttgtgcagagaatatggtaggtgtattcaggaggaggtgctgacggactcacctttggcaaagggactcatctaatcatccagccctatatccagaaccctgaccctgccgtgtaccagctgagagactctaaatccagtgacaagtctgtctgcctattcaccgattttgattctcaaacaaatgtgtcacaaagtaaggattctgatgtgtatatcacagacattcagccgccaggatctc,TGTGCAGAGAATATGGTAGGTGTATTCAGGAGGAGGTGCTGACGGACTCACCTTT,tgtgcagagaatatggtagg..tgtattcaggaggaggtgctgacggactcaccttt,gcagagaatatggtaggtgtattcaggaggaggtgctgacggactcacc,AENMVGVFRRRC*RTH,CAENMVGVFRRRC*RTHL,CAENMV##YSGGGADGLTF,Unproductive issue,NA,fail,"stop codons, unable to resolve, second sequence TRAV30 - potentially the productive chain?"
18,T00024.CD8A-G7_C03.seq,productive,AV14/DV4*03,96.10389709,AJ34*01,98.28,NA,in-frame,ttcaagctgtggactctggactgcacatatgacaccagtgatccaagttatggtctattctggtacaagcagcccagcagtggggaaatgatttttcttatttatcaggggtcttatgaccagcaaaatgcaacagaaggtcgctactcattgaatttccagaaggcaagaaaatccgccaaccttgtcatctccgcttcacaactgggggactcagcaatgtatttctgtgcaatgagactcccttataacaccgacaagctcatctttgggactgggaccagattacaagtctttccaaatatccagaaccctgaccctgccgtgtaccagctgagagactctaaatccagtgacaagtctgtctgcctattcaccgattttgattctcaaacaaatgtgtcacaaagtaaggattctgatgtgtatatcacagacaaaacctgcctgaacgtg,TGTGCAATGAGACTCCCTTATAACACCGACAAGCTCATCTTT,NA,gcaatgagactcccttataacaccgacaagctcatc,AMRLPYNTDKLI,CAMRLPYNTDKLIF,NA,No issue flagged by IMGT,NA,pass,NA
19,T00024.CD8A-G8_D03.seq,productive,"AV26-1*01,AV26-1*02",99.36306,AJ48*01,100,NA,in-frame,tcgacagattcactcccaggggccacagtatatcattcatggtctaaaaaacagtgaaaccaatgaaatggcctctctgatcatcacagaagacagaaagtccagcaccttgatcctgccccacgctacgctgagagacactgctgtgtactattgcatcgtcagacgcactctatctaactttggaaatgagaaattaacctttgggactggaacaagactcaccatcatacccaatatccagaaccctgaccctgccgtgtaccagctgagagactctaaatccagtgacaagtctgtctgcctattcaccgattttgattctcaaacaaatgtgtcacaaagtaaggattctgatgtgtatatcacagacataatctccccgattttcca,TGCATCGTCAGACGCACTCTATCTAACTTTGGAAATGAGAAATTAACCTTT,NA,atcgtcagacgcactctatctaactttggaaatgagaaattaacc,IVRRTLSNFGNEKLT,CIVRRTLSNFGNEKLTF,NA,J Identity issue,NA,pass,manually resolved issue
20,T00024.CD8A-G9_E03.seq,productive,AV19*01,99.55357361,AJ31*01,90.2,NA,in-frame,ttgtgaccttggactgtgtgtatgaaacccgtgatactacttattacttattctggtacaagcaaccaccaagtggagaattggttttccttattcgtcggaactcttttgatgagcaaaatgaaataagtggtcggtattcttggaacttccagaaatccaccagttccttcaacttcaccatcacagcctcacaagtcgtggactcagcagtatacttctgtgctctgagtgagggtacaggcagactcatgtttggagatggaactcagctggtggtgaagcccaatatccagaaccctgaccctgccgtgtaccagctgagagactctaaatccagtgacaagtctgtctgcctattcaccgattttgattctcaaacaaatgtgtcacaaagtaaggattctgatgtgtatatcacagacaaaataatgccacaaagttg,TGTGCTCTGAGTGAGGGTACAGGCAGACTCATGTTT,NA,gctctgagtgagggtacaggcagactcatg,ALSEGTGRLM,CALSEGTGRLMF,NA,No issue flagged by IMGT,NA,pass,NA
21,T00024.CD8A-H10_H03.seq,productive,AV38-2/DV8*01,94.11764526,AJ45*01,98.41,NA,in-frame,tcgacagattcactctcagcaggcagatgattctcgttattcgccaagaagcttataagcaacagaatgcaacagagaatcgtttctctgtgaacttccagaaagcagccaaatccttcagtctcaagatctcagactcacagctgggggatgccgcgatgtatttctgtgcttataactcaggaggaggtgctgacggactcacctttggcaaagggactcatctaatcatccagccctatatccagaaccctgaccctgccgtgtaccagctgagagactctaaatccagtgacaagtctgtctgcctattcaccgattttgattctcaaacaaatgtgtcacaaagtaaggattctgatgtgtatatcacagacattcccccgaccggaatacgc,TGTGCTTATAACTCAGGAGGAGGTGCTGACGGACTCACCTTT,NA,gcttataactcaggaggaggtgctgacggactcacc,AYNSGGGADGLT,CAYNSGGGADGLTF,NA,No issue flagged by IMGT,NA,pass,NA
22,T00024.CD8A-H4_F03.seq,productive,AV4*01,98.87005615,AJ34*01,94,NA,in-frame,tattattatatcacgtggtaccaacagtttcccagccaaggaccacgatttattattcaaggatacaagacaaaagttacaaacgaagtggcctccctgtttatccctgccgacagaaagtccagcactctgagcctgccccgggtttccctgagcgacactgctgtgtactactgcctcgtgggctgggacaagctcatctttgggactgggaccagattacaagtctttccaaatatccagaaccctgaccctgccgtgtaccagctgagagactctaaatccagtgacaagtctgtctgcctattcaccgattttgattctcaaacaaatgtgtcacaaagtaaggattctgatgtgtatatcacagacaaaactacccgaacggg,TGCCTCGTGGGCTGGGACAAGCTCATCTTT,NA,ctcgtgggctgggacaagctcatc,LVGWDKLI,CLVGWDKLIF,NA,No issue flagged by IMGT,NA,pass,NA
23,T00024.CD8A-H7_G03.seq,productive,AV5*01,100,AJ20*01,96.23,NA,in-frame,ttacacagacagctcctccacctacttatactggtataagcaagaacctggagcaggtctccagttgctgacgtatattttttcaaatatggacatgaaacaagaccaaagactcactgttctattgaataaaaaggataaacatctgtctctgcgcattgcagacacccagactggggactcagctatctacttctgtgcagagagagacgactacaagctcagctttggagccggaaccacagtaactgtaagagcaaatatccagaaccctgaccctgccgtgtaccagctgagagactctaaatccagtgacaagtctgtctgcctattcaccgattttgattctcaaacaaatgtgtcacaaagtaaggattctgatgtgtatatcacagacattatccgaccggaggtg,TGTGCAGAGAGAGACGACTACAAGCTCAGCTTT,NA,gcagagagagacgactacaagctcagc,AERDDYKLS,CAERDDYKLSF,NA,No issue flagged by IMGT,NA,pass,NA
1,T00024.CD8B-A3_A04.seq,productive,"BV29-1*01,BV29-1*02,BV29-1*03",98,BJ2-7*01,91.49,BD1*01,in-frame,ttctgactgtgagcaacatgagccctgaagacagcagcatatatctctgcagcgttgaagatcgggacagggattacgagcagtacttcgggccgggcaccaggctcacggtcacagaggacctaaaaacgtacactcacggg,TGCAGCGTTGAAGATCGGGACAGGGATTACGAGCAGTACTTC,NA,agcgttgaagatcgggacagggattacgagcagtac,SVEDRDRDYEQY,CSVEDRDRDYEQYF,NA,No issue flagged by IMGT,NA,pass,NA
2,T00024.CD8B-A4_B04.seq,productive,BV9*01,100,BJ1-5*01,94,NA,in-frame,gtaccaacagagcctggaccagggcctccagttcctcattcagtattataatggagaagagagagcaaaaggaaacattcttgaacgattctccgcacaacagttccctgacttgcactctgaactaaacctgagctctctggagctgggggactcagctttgtatttctgtgccagcagcgcccgctatcagccccagcattttggtgatgggactcgactctccatcctagaggaccgaacaaatcaatcgttaacccg,TGTGCCAGCAGCGCCCGCTATCAGCCCCAGCATTTT,NA,gccagcagcgcccgctatcagccccagcat,ASSARYQPQH,CASSARYQPQHF,NA,No issue flagged by IMGT,NA,pass,NA
3,T00024.CD8B-A7_C04.seq,productive,BV9*01,100,BJ1-5*01,94,NA,in-frame,gtaccaacagagcctggaccagggcctccagttcctcattcagtattataatggagaagagagagcaaaaggaaacattcttgaacgattctccgcacaacagttccctgacttgcactctgaactaaacctgagctctctggagctgggggactcagctttgtatttctgtgccagcagcgcccgctatcagccccagcattttggtgatgggactcgactctccatcctagaggacctaacaatggctagctcaactcg,TGTGCCAGCAGCGCCCGCTATCAGCCCCAGCATTTT,NA,gccagcagcgcccgctatcagccccagcat,ASSARYQPQH,CASSARYQPQHF,NA,No issue flagged by IMGT,NA,pass,NA
4,T00024.CD8B-A9_D04.seq,productive,"BV13*01,BV13*02",70.6521759,BJ1-1*01,97.92,BD1*01,in-frame,ccttagaatctctcagcctccagaccccaggacctgattctgaactgaacatgagcttcttggagctgggggactcagccctgtacttctgtgccagcagcttaggggtggcgaacactgaagctttctttggacaaggcaccagactcacagttgtagaggaccgaacaaggtcactcaggccg,TGTGCCAGCAGCTTAGGGGTGGCGAACACTGAAGCTTTCTTT,NA,gccagcagcttaggggtggcgaacactgaagctttc,ASSLGVANTEAF,CASSLGVANTEAFF,NA,V Identity issue,NA,fail,2 sequences and also contains TRBV30
5,T00024.CD8B-B4_E04.seq,No results,NA,NA,NA,NA,NA,NA,NA,NA,NA,NA,NA,NA,NA,No alignment,NA,fail,mess
6,T00024.CD8B-C2_F04.seq,productive,"BV13*01,BV13*02",100,BJ1-2*01,83.33,BD1*01,in-frame,tcattctgaactgaacatgagctccttggagctgggggactcagccctgtacttctgtgccagcagcttatgggcctccaacctagggggctacaccttcggttcggggaccaggttaaccgttgtagagaccgaacaaggtcatccagac,TGTGCCAGCAGCTTATGGGCCTCCAACCTAGGGGGCTACACCTTC,NA,gccagcagcttatgggcctccaacctagggggctacacc,ASSLWASNLGGYT,CASSLWASNLGGYTF,NA,J Identity issue,NA,pass,NA
7,T00024.CD8B-C3_G04.seq,productive,BV7-9*01,99.23664093,BJ2-7*01,97.87,BD2*01,in-frame,tcagacccccagacacaagatcacaaagaggggacagaatgtaactttcaggtgtgatccaatttctgaacacaaccgcctttattggtaccgacagaccctggggcagggcccagagtttctgacttacttccagaatgaagctcaactagaaaaatcaaggctgctcagtgatcggttctctgcagagaggcctaagggatctttctccaccttggagatccagcgcacagagcagggggactcggccatgtatctctgtgccagcagctccaccaccgacttgggttcctacgagcagtacttcgggccgggcaccaggctcacggtcacagaggacctgaaaccacgcaaatttctttaccataaaac,TGTGCCAGCAGCTCCACCACCGACTTGGGTTCCTACGAGCAGTACTTC,NA,gccagcagctccaccaccgacttgggttcctacgagcagtac,ASSSTTDLGSYEQY,CASSSTTDLGSYEQYF,NA,No issue flagged by IMGT,NA,pass,NA
8,T00024.CD8B-C6_H04.seq,productive,BV9*01,99.42196655,BJ2-7*01,100,BD1*01,in-frame,tgtaccaacagagcctggaccagggcctccagttcctcattcagtattataatggagaagagagagcaaaaggaaacattcttgaacgattctccgcacaacagttccctgacttgcactctgaactaaacctgagctctctggagctgggggactcagctttgtatttctgtgccagcagcccatggacaggtagctcctacgagcagtacttcgggccgggcaccaggctcacggtcacagaggacctgaaaaacgtacacctttcgccg,TGTGCCAGCAGCCCATGGACAGGTAGCTCCTACGAGCAGTACTTC,NA,gccagcagcccatggacaggtagctcctacgagcagtac,ASSPWTGSSYEQY,CASSPWTGSSYEQYF,NA,J Identity issue,NA,pass,manually resolved issue
9,T00024.CD8B-C8_A05.seq,productive,BV28*01,94.6808548,BJ2-3*01,91.84,BD2*01,in-frame,tcttgttggatacagtgtctctagagagaagaaggagcgtttctccctgattctggagtccgccagcaccaaccagacatctatgtacctctgtgccagcagtgaagcggacgggttagatacgcagtattttggcccaggcacccggctgacagtgctcgaggaccgaaaaacatacccttcaaccc,TGTGCCAGCAGTGAAGCGGACGGGTTAGATACGCAGTATTTT,NA,gccagcagtgaagcggacgggttagatacgcagtat,ASSEADGLDTQY,CASSEADGLDTQYF,NA,No issue flagged by IMGT,NA,pass,NA
10,T00024.CD8B-D10_E05.seq,No results,NA,NA,NA,NA,NA,NA,NA,NA,NA,NA,NA,NA,NA,No alignment,NA,fail,mess
11,T00024.CD8B-D3_B05.seq,productive,BV9*01,84.30232239,BJ2-1*01,92,BD1*01,in-frame,gtaccaacagagcctggaccagggcctccagttcctcattcagtattataatggagaagagagagcaaaaggaaacattcttgaacgattctccgcacaacagttccctgacttgcactctgaactaaacctgagctctggttctgagctgaatgtgaacgccttgttgctgggggactcggccctgtatctctgtgccagcagcccgggacagacctccgatgagcagttcttcgggccagggacacggctcaccgtgctagaggacctaaaaacgtacagttttagccg,CTGGGGGACTCGGCCCTGTATCTCTGTGCCAGCAGCCCGGGACAGACCTCCGATGAGCAGTTCTTC,NA,ggggactcggccctgtatctctgtgccagcagcccgggacagacctccgatgagcagttc,GDSALYLCASSPGQTSDEQF,LGDSALYLCASSPGQTSDEQFF,NA,V Identity issue,NA,fail,"also contains TRBV9, low abundance 2nd sequence"
12,T00024.CD8B-D6_C05.seq,productive,"BV5-5*01,BV5-5*02,BV5-5*03",98.18182373,BJ2-1*01,92,BD1*01,in-frame,ttctgagctgaatgtgaacgccttgttgctgggggactcggccctgtatctctgtgccagcagcccgggacagacctccgatgagcagttcttcgggccagggacacggctcaccgtgctagaggacctataaatcatagcatttcacgttt,TGTGCCAGCAGCCCGGGACAGACCTCCGATGAGCAGTTCTTC,NA,gccagcagcccgggacagacctccgatgagcagttc,ASSPGQTSDEQF,CASSPGQTSDEQFF,NA,No issue flagged by IMGT,NA,pass,NA
13,T00024.CD8B-D8_D05.seq,No results,NA,NA,NA,NA,NA,NA,NA,NA,NA,NA,NA,NA,NA,No alignment,NA,fail,mess
14,T00024.CD8B-E8_F05.seq,productive,"BV3-1*01,BV3-1*02,BV3-2*01P,BV3-2*02P,BV3-2*03P",98.11321259,BJ2-5*01,100,BD1*01,in-frame,ttaatcttcacatcaattccctggagcttggtgactctgctgtgtatttctgtgccagcaccccctcgggcggacacgtcgaggggtaccaagagacccagtacttcgggccaggcacgcggctcctggtgctcgaggaccgaaaaacgatagtcagcag,TGTGCCAGCACCCCCTCGGGCGGACACGTCGAGGGGTACCAAGAGACCCAGTACTTC,NA,gccagcaccccctcgggcggacacgtcgaggggtaccaagagacccagtac,ASTPSGGHVEGYQETQY,CASTPSGGHVEGYQETQYF,NA,J Identity issue,NA,pass,NA
15,T00024.CD8B-F10_A06.seq,productive,BV10-3*02,99.22779846,BJ2-3*01,95.92,BD1*01,in-frame,tcagagcccaagacacaaggtcacagagactggaacaccagtgactctgagatgtcatcagactgagaaccaccgctatatgtactggtatcgacaagacccggggcatgggctgaggctgatccattactcatatggtgttaaagatactgacaaaggagaagtctcagatggctatagtgtctctagatcaaagacagaggatttcctcctcactctggagtccgctaccagctcccagacatctgtgtacttctgtgccatcagtccgcaaggcctcacagatacgcagtattttggcccaggcacccggctgacagtgctcgaggacctaaaaacgtcactcaagcg,TGTGCCATCAGTCCGCAAGGCCTCACAGATACGCAGTATTTT,NA,gccatcagtccgcaaggcctcacagatacgcagtat,AISPQGLTDTQY,CAISPQGLTDTQYF,NA,No issue flagged by IMGT,NA,pass,NA
16,T00024.CD8B-F6_G05.seq,unproductive,BV27*01,56.96202469,BJ1-2*01 ,61.11,NA,NA,agaatctctcagcctccagaccccaggacccgcagttcatcagtagcccagccccaaccagaccagtgagtatggctgtgccagcagttcatggggacagggggacaagaacaatgaagactccttggacaaggcaccaagtcacagtgtagaggacctaacaacgacctcagcg,NA,NA,NA,NA,NA,NA,Unproductive issue,NA,fail,2 sequences
17,T00024.CD8B-F9_H05.seq,productive,BV28*01,92.63157654,BJ1-4*01,86.27,BD1*01,in-frame,tctgtgatggatacagtgtctctagagagaagaaggagcgtttccccctgattctggagtccgccagcaccaaccagacatctatgtacctctgtgccagcagtttacctctcacagggggcggtaacgaaaaactgttttttggcagtggaacccagctctctgtctggaggactaacaaggtatacccagccc,TGTGCCAGCAGTTTACCTCTCACAGGGGGCGGTAACGAAAAACTGTTTTTT,NA,gccagcagtttacctctcacagggggcggtaacgaaaaactgttt,ASSLPLTGGGNEKLF,CASSLPLTGGGNEKLFF,NA,J Identity issue,NA,fail,"stop codons no junction found, messy chromatogram"
18,T00024.CD8B-G1_B06.seq,productive,"BV29-1*01,BV29-1*03",94.23077393,BJ2-7*01,93.62,BD2*01,in-frame,tcctcttactgtgagcaacatgagccctgaagacagcagcatatatctctgcagcgtcctccgagcctccgagcagtacttcgggccgggcaccaggctcacggtcacagaggacctaaaaacgtacatctggg,TGCAGCGTCCTCCGAGCCTCCGAGCAGTACTTC,NA,agcgtcctccgagcctccgagcagtac,SVLRASEQY,CSVLRASEQYF,NA,No issue flagged by IMGT,NA,pass,NA
19,T00024.CD8B-G7_C06.seq,productive,"BV29-1*01,BV29-1*02,BV29-1*03",100,BJ2-7*01,91.49,BD2*01,in-frame,tctgactgtgagcaacatgagccctgaagacagcagcatatatctctgcagcgttgaggggctagcgggcaacgagcagtacttcgggccgggcaccaggctcacggtcacagaggacctaaaaacgtacacccttggg,TGCAGCGTTGAGGGGCTAGCGGGCAACGAGCAGTACTTC,NA,agcgttgaggggctagcgggcaacgagcagtac,SVEGLAGNEQY,CSVEGLAGNEQYF,NA,No issue flagged by IMGT,NA,pass,NA
20,T00024.CD8B-G8_D06.seq,productive,BV6-5*01,98.55769348,BJ2-6*01,98.11,BD2*02,in-frame,gtgtgcccaggatatgaaccatgaatacatgtcctggtatcgacaagacccaggcatggggctgaggctgattcattactcagttggtgctggtaccactggcaaaggagaagtccccaatggctacaatgtctccagatcaaccacagaggatttcccgctcaggctgctgtcggctgctccctcccagacatctgtgtacttctgtgccagcagctggagaatgaggaggtctggggccaacgtcctgactttcggggccggcagcaggctgaccgtgctggagacctatacaccgttagcaggcttgtaccataaacc,TGTGCCAGCAGCTGGAGAATGAGGAGGTCTGGGGCCAACGTCCTGACTTTC,NA,gccagcagctggagaatgaggaggtctggggccaacgtcctgact,ASSWRMRRSGANVLT,CASSWRMRRSGANVLTF,NA,No issue flagged by IMGT,NA,pass,NA
21,T00024.CD8B-G9_E06.seq,productive,"BV29-1*01,BV29-1*02,BV29-1*03",96.07843018,BJ2-3*01,87.76,BD2*01,in-frame,tttctgactgtgagcaacatgagccctgaagacagcagcatatatctctgcagcgtcccgtgggcgggttcccccagcagtacgcagtattttggcccaggcacccggctgacagtgctcgaggacctaaaaacgtgactcatcca,TGCAGCGTCCCGTGGGCGGGTTCCCCCAGCAGTACGCAGTATTTT,NA,agcgtcccgtgggcgggttcccccagcagtacgcagtat,SVPWAGSPSSTQY,CSVPWAGSPSSTQYF,NA,J Identity issue,NA,pass,manually resolved issue
22,T00024.CD8B-H10_H06.seq,productive,BV28*01,98.18182373,BJ2-1*01,98,BD2*01,in-frame,tttctccctgattctggagtccgccagcaccaaccagacatctatgtacctctgtgccagcagggcgactagctggtcctacaatgagcagttcttcgggccagggacacggctcaccgtgctagaggacctgaaaaacgtccactcctgcct,TGTGCCAGCAGGGCGACTAGCTGGTCCTACAATGAGCAGTTCTTC,NA,gccagcagggcgactagctggtcctacaatgagcagttc,ASRATSWSYNEQF,CASRATSWSYNEQFF,NA,No issue flagged by IMGT,NA,pass,NA
23,T00024.CD8B-H4_F06.seq,No results,NA,NA,NA,NA,NA,NA,NA,NA,NA,NA,NA,NA,NA,No alignment,NA,fail,mess
24,T00024.CD8B-H7_G06.seq,productive,BV7-9*01,99.23664093,BJ2-1*01,90,BD1*01,in-frame,tcagacccccagacacaagatcacaaagaggggacagaatgtaactttcaggtgtgatccaatttctgaacacaaccgcctttattggtaccgacagaccctggggcagggcccagagtttctgacttacttccagaatgaagctcaactagaaaaatcaaggctgctcagtgatcggttctctgcagagaggcctaagggatctttctccaccttggagatccagcgcacagagcagggggactcggccatgtatctctgtgccagcaccttgggggacaatgagcagttcttcgggccagggacacggctcaccgtgctagaggacctataccatcgtactgttcaagcccc,TGTGCCAGCACCTTGGGGGACAATGAGCAGTTCTTC,NA,gccagcaccttgggggacaatgagcagttc,ASTLGDNEQF,CASTLGDNEQFF,NA,No issue flagged by IMGT,NA,pass,NA
24,T00024.IFNA-A3_A07.seq,unproductive,AV30*04,72.22222137,AJ45*01,100,NA,in-frame,tcagaagcatggtgaagcacccgtcttcctgatgatattactgaagggtggagaacagaagggtcatgacaaaatatctgcttctcagtgaaacatctctctctgcaaattgcagctactcaacctggagactcagctgtctacttttgcgcagagaatatggtaggtgtattcaggaggaggtgctgacggactcacctttggcaaagggactcatctaatcatccagccctatatccagaaccctgaccctgccgtgtaccagctgagagactctaaatccagtgacaagtctgtctgcctattcaccgattttgattctcaaacaaatgtgtcacaaagtaaggattctgatgtgtatatcacagacaaaaactcccgggccgttt,ATATGGTAGGTGTATTCAGGAGGAGGTGCTGACGGACTCACCTTT,NA,tggtaggtgtattcaggaggaggtgctgacggactcacc,W*VYSGGGADGLT,IW*VYSGGGADGLTF,NA,Unproductive issue,NA,fail,2 sequences
25,T00024.IFNA-A6_B07.seq,productive,AV4*01,100,AJ33*01,98.25,NA,in-frame,attatatcacgtggtaccaacagtttcccagccaaggaccacgatttattattcaaggatacaagacaaaagttacaaacgaagtggcctccctgtttatccctgccgacagaaagtccagcactctgagcctgccccgggtttccctgagcgacactgctgtgtactactgcctcgtgggtgaaaccggggatagcaactatcagttaatctggggcgctgggaccaagctaattataaagccagatatccagaaccctgaccctgccgtgtaccagctgagagactctaaatccagtgacaagtctgtctgcctattcaccgattttgattctcaaacaaatgtgtcacaaagtaaggattctgatgtgtatatcacagacatactgccgaaagaggctc,TGCCTCGTGGGTGAAACCGGGGATAGCAACTATCAGTTAATCTGG,NA,ctcgtgggtgaaaccggggatagcaactatcagttaatc,LVGETGDSNYQLI,CLVGETGDSNYQLIW,NA,No issue flagged by IMGT,NA,pass,NA
26,T00024.IFNA-A8_C07.seq,productive,AV16*01,100,AJ9*01,95.08,NA,in-frame,tgtccagtactccagacaacgcctccagttactcttgagacacatctctagagagagcatcaaaggcttcactgctgaccttaacaaaggcgagacatctttccacctgaagaaaccatttgctcaagaggaagactcagccatgtattactgtgcttttaatactggaggcttcaaaactatctttggagcaggaacaagactatttgttaaagcaaatatccagaaccctgaccctgccgtgtaccagctgagagactctaaatccagtgacaagtctgtctgcctattcaccgattttgattctcaaacaaatgtgtcacaaagtaaggattctgatgtgtatatcacagacaaaactgcgaagtcg,TGTGCTTTTAATACTGGAGGCTTCAAAACTATCTTT,NA,gcttttaatactggaggcttcaaaactatc,AFNTGGFKTI,CAFNTGGFKTIF,NA,No issue flagged by IMGT,NA,pass,NA
27,T00024.IFNA-B2_D07.seq,unproductive,AV19*01,96.94322968,AJ31*01,98.25,NA,in-frame,caaagttgtgaccttggactgtgtgtatgaaacccgtgatactacttattacttattctggtacaagcaaccaccaagtggagaattggttttccttattcgtcggaactcttttgatgagcaaaatgaaataagtggtcggtattcttggaacttccagaaatccaccagttccttcaacttcaccatcacagcctcacaagtggtggactcagcagtatagttatgtgctgtgagtgaccggaataacaatgccagactcatgtttggagatggaactcagctggcggtgaagcccaatatccagaaccctgaccctgccgtgtaccagctgagagactctaaatccagtgacaagtctgtctgcctattcaccgattttgattctcaaacaaatgtgtcacaaagtaaggattctgatgtgtatatcacagacaaacacctaaacaggcgtcg,TGTGCTGTGAGTGACCGGAATAACAATGCCAGACTCATGTTT,NA,gctgtgagtgaccggaataacaatgccagactcatg,AVSDRNNNARLM,CAVSDRNNNARLMF,NA,Unproductive issue,NA,fail,2 sequences
28,T00024.IFNA-B8_E07.seq,productive,AV1-2*01,100,AJ39*01,93.1,NA,in-frame,gcacccacatttctgtcttacaatgttctggatggtttggaggagaaaggtcgtttttcttcattccttagtcggtctaaagggtacagttacctccttttgaaggagctccagatgaaagactctgcctcttacctctgtgctgtggagggtgcaggcaacatgctcacctttggagggggaacaaggttaatggtcaaaccccatatccagaaccctgaccctgccgtgtaccagctgagagactctaaatccagtgacaagtctgtctgcctattcaccgattttgattctcaaacaaatgtgtcacaaagtaaggattctgatgtgtatatcacagacaaaaacccgaacctggggcca,TGTGCTGTGGAGGGTGCAGGCAACATGCTCACCTTT,NA,gctgtggagggtgcaggcaacatgctcacc,AVEGAGNMLT,CAVEGAGNMLTF,NA,No issue flagged by IMGT,NA,pass,NA
29,T00024.IFNA-B9_F07.seq,productive,AV4*01,100,AJ33*01,98.25,NA,in-frame,attatatcacgtggtaccaacagtttcccagccaaggaccacgatttattattcaaggatacaagacaaaagttacaaacgaagtggcctccctgtttatccctgccgacagaaagtccagcactctgagcctgccccgggtttccctgagcgacactgctgtgtactactgcctcgtgggtgaaaccggggatagcaactatcagttaatctggggcgctgggaccaagctaattataaagccagatatccagaaccctgaccctgccgtgtaccagctgagagactctaaatccagtgacaagtctgtctgcctattcaccgattttgattctcaaacaaatgtgtcacaaagtaaggattctgatgtgtatatcacagacaaatttgcgagccgaaatttcg,TGCCTCGTGGGTGAAACCGGGGATAGCAACTATCAGTTAATCTGG,NA,ctcgtgggtgaaaccggggatagcaactatcagttaatc,LVGETGDSNYQLI,CLVGETGDSNYQLIW,NA,No issue flagged by IMGT,NA,pass,NA
30,T00024.IFNA-C7_G07.seq,productive,AV6*03,99.40828705,AJ44*01,93.65,NA,in-frame,ttggtaccgacaagatccaggaagaggccctgttttcttgctacttatacgtgaaaatgagaaagaaaaaaggaaagaaagactgaaggtcacctttgataccacccttaaacagagtttgtttcatatcacagcctcccagcctgcagactcagctacctacctctgtgctctttcccttaccggcactgccagtaaactcacctttgggactggaacaagacttcaggtcacgctcgatatccagaaccctgaccctgccgtgtaccagctgagagactctaaatccagtgacaagtctgtctgcctattcaccgattttgattctcaaacaaatgtgtcacaaagtaaggattctgatgtgtatatcacagacaaactgctgaacggg,TGTGCTCTTTCCCTTACCGGCACTGCCAGTAAACTCACCTTT,NA,gctctttcccttaccggcactgccagtaaactcacc,ALSLTGTASKLT,CALSLTGTASKLTF,NA,No issue flagged by IMGT,NA,pass,NA
31,T00024.IFNA-C8_H07.seq,productive,AV4*01,100,AJ33*01,98.25,NA,in-frame,attatatcacgtggtaccaacagtttcccagccaaggaccacgatttattattcaaggatacaagacaaaagttacaaacgaagtggcctccctgtttatccctgccgacagaaagtccagcactctgagcctgccccgggtttccctgagcgacactgctgtgtactactgcctcgtgggtgaaaccggggatagcaactatcagttaatctggggcgctgggaccaagctaattataaagccagatatccagaaccctgaccctgccgtgtaccagctgagagactctaaatccagtgacaagtctgtctgcctattcaccgattttgattctcaaacaaatgtgtcacaaagtaaggattctgatgtgtatatcacagacaaaacccggtcaggatgcccg,TGCCTCGTGGGTGAAACCGGGGATAGCAACTATCAGTTAATCTGG,NA,ctcgtgggtgaaaccggggatagcaactatcagttaatc,LVGETGDSNYQLI,CLVGETGDSNYQLIW,NA,No issue flagged by IMGT,NA,pass,NA
32,T00024.IFNA-D1_A08.seq,unproductive,"AV8-2*01,AV8-2*02,AV8-2*03,AV8-4*01,AV8-4*03",100,AJ16*02,94.55,NA,out-of-frame,agagtgaaacctccttccacctgacgaaaccctcagcccatatgagcgacgcggctgagtacttctgtgttgtgagtgaagggatggccagaagctgctctttgcaagggggaccatgttaaaggtggatcttaatatccagaaccctgaccctgccgtgtaccagctgagagactctaaatccagtgacaagtctgtctgcctattcaccgattttgattctcaaacaaatgtgtcacaaagtaaggattctgatgtgtatatcacagacaaaccccgaacaacgttcta,TGTGTTGTGAGTGAAGGGATGGCCAGAAGCTGCTCTTT,tgtgttgtgagtgaagg.gatggccagaagctgctcttt,gttgtgagtgaagggatggccagaagctgctc,VVSEGMARSC,CVVSEGMARSCS,CVVSE#DGQKLLF,Unproductive issue,NA,fail,2 sequences
33,T00024.IFNA-D2_B08.seq,unproductive,AV14/DV4*03,84.71615601,AJ38*01,91.94,NA,in-frame,taaggctgtgactctggactgcacatatgacaccagtgatccaagttagggtgtattttggtacaaccagcccagcaccggggaaacaatttttgttatttttcgggggtagcagccccacaaaaaggaaacaaaaggtcgttattcattgaatttccagaacccaaaaaaatccgccaaccttgtcatctccgcttatttcctgggggaatcagcaatgtatttctgtgtaatgtgagagggccaagttggcaacaaccgtaagttgatttggggattgggaacaagcctggcagtaaatccgaatatccagaaccctgaccctgccgtgtaccagctgagagactctaaatccagtgacaagtctgtctgcctattcaccgattttgattctcaaacaaatgtgtcacaaagtaaggattctgatgtgtatatcacagacatacacaaaccccggccccct,TGTGTAATGTGAGAGGGCCAAGTTGGCAACAACCGTAAGTTGATTTGG,NA,gtaatgtgagagggccaagttggcaacaaccgtaagttgatt,VM*EGQVGNNRKLI,CVM*EGQVGNNRKLIW,NA,Unproductive issue,NA,fail,2 sequences
34,T00024.IFNA-D3_C08.seq,productive,AV4*01,98.87005615,AJ33*01,98.25,NA,in-frame,tattattatatcacgtggtaccaacagtttcccagccaaggaccacgatttattattcaaggatacaagacaaaagttacaaacgaagtggcctccctgtttatccctgccgacagaaagtccagcactctgagcctgccccgggtttccctgagcgacactgctgtgtactactgcctcgtgggtgaaaccggggatagcaactatcagttaatctggggcgctgggaccaagctaattataaagccagatatccagaaccctgaccctgccgtgtaccagctgagagactctaaatccagtgacaagtctgtctgcctattcaccgattttgattctcaaacaaatgtgtcacaaagtaaggattctgatgtgtatatcacagacattacctggccggacgctt,TGCCTCGTGGGTGAAACCGGGGATAGCAACTATCAGTTAATCTGG,NA,ctcgtgggtgaaaccggggatagcaactatcagttaatc,LVGETGDSNYQLI,CLVGETGDSNYQLIW,NA,No issue flagged by IMGT,NA,pass,NA
35,T00024.IFNA-D5_D08.seq,productive,AV19*01,97.37991333,AJ29*01,100,NA,in-frame,agtatttgtgacctttgactgtgtgtatgaaacccgtgatactacttattacttattctggtacaagcaaccaccaagtggagaattggttttccttattcgtcggaactcttttgatgagcaaaatgaaataagtggtcggtattcttggaacttccagaaatccaccagttccttcaacttcaccatcacagcctcacaagtcgtggactcagcagtatacttctgtgctctgagtgagaattcaggaaacacacctcttgtctttggaaagggcacaagactttctgtgattgcaaatatccagaaccctgaccctgccgtgtaccagctgagagactctaaatccagtgacaagtctgtctgcctattcaccgattttgattctcaaacaaatgtgtcacaaagtaaggattctgatgtgtatatcacagacaaaactgctgttaccgg,TGTGCTCTGAGTGAGAATTCAGGAAACACACCTCTTGTCTTT,NA,gctctgagtgagaattcaggaaacacacctcttgtc,ALSENSGNTPLV,CALSENSGNTPLVF,NA,J Identity issue,NA,pass,NA
36,T00024.IFNA-D6_E08.seq,productive,AV4*01,98.30508423,AJ33*01,98.25,NA,in-frame,tgttattatatcacgtggtaccaacagtttcccagccaaggaccacgatttattattcaaggatacaagacaaaagttacaaacgaagtggcctccctgtttatccctgccgacagaaagtccagcactctgagcctgccccgggtttccctgagcgacactgctgtgtactactgcctcgtgggtgaaaccggggatagcaactatcagttaatctggggcgctgggaccaagctaattataaagccagatatccagaaccctgaccctgccgtgtaccagctgagagactctaaatccagtgacaagtctgtctgcctattcaccgattttgattctcaaacaaatgtgtcacaaagtaaggattctgatgtgtatatcacagacaaaacctgcccgcagccc,TGCCTCGTGGGTGAAACCGGGGATAGCAACTATCAGTTAATCTGG,NA,ctcgtgggtgaaaccggggatagcaactatcagttaatc,LVGETGDSNYQLI,CLVGETGDSNYQLIW,NA,No issue flagged by IMGT,NA,pass,NA
37,T00024.IFNA-E4_F08.seq,productive,AV4*01,99.42528534,AJ33*01,98.25,NA,in-frame,tattatatcacgtggtaccaacagtttcccagccaaggaccacgatttattattcaaggatacaagacaaaagttacaaacgaagtggcctccctgtttatccctgccgacagaaagtccagcactctgagcctgccccgggtttccctgagcgacactgctgtgtactactgcctcgtgggtgaaaccggggatagcaactatcagttaatctggggcgctgggaccaagctaattataaagccagatatccagaaccctgaccctgccgtgtaccagctgagagactctaaatccagtgacaagtctgtctgcctattcaccgattttgattctcaaacaaatgtgtcacaaagtaaggattctgatgtgtatatcacagacaaaatcggccggaaacttct,TGCCTCGTGGGTGAAACCGGGGATAGCAACTATCAGTTAATCTGG,NA,ctcgtgggtgaaaccggggatagcaactatcagttaatc,LVGETGDSNYQLI,CLVGETGDSNYQLIW,NA,No issue flagged by IMGT,NA,pass,NA
38,T00024.IFNA-E7_G08.seq,unproductive,AV1-2*01,67.37588501,AJ28*01,93.75,NA,in-frame,gcacccacatttctgtcttacaatgttctggatggtttggaggagaaaggtcgtttttcttcatcagtgaaacatttctatgtgcaaattgcagttactcaacagggagactcagctgtagacttttcttcagacctttgatacttggggggtgggagttaccaactcactttcgggaaggggaccaaactatcggtcataccaaatatccagaaccctgaccctgccgtgtaccagctgagagactctaaatccagtgacaagtctgtctgcctattcaccgattttgattctcaaacaaatgtgtcacaaagtaaggattctgatgtgtatatcacagacaaaaccagcccgaacggtct,TGATACTTGGGGGGTGGGAGTTACCAACTCACTTTC,NA,tacttggggggtgggagttaccaactcact,YLGGGSYQLT,*YLGGGSYQLTF,NA,Unproductive issue,NA,fail,2 sequences
39,T00024.IFNA-F10_B09.seq,productive,AV34*01,100,AJ52*01,97.1,NA,in-frame,atctcaccataaactgcacgtcatcaaagacgttatatggcttatactggtataagcaaaagtatggtgaaggtcttatcttcttgatgatgctacagaaaggtggggaagagaaaagtcatgaaaagataactgccaagttggatgagaaaaagcagcaaagttccctgcatatcacagcctcccagcccagccatgcaggcatctacctctgtggagcagacaattccatgaatgctggtggtactagctatggaaagctgacatttggacaagggaccatcttgactgtccatccaaatatccagaaccctgaccctgccgtgtaccagctgagagactctaaatccagtgacaagtctgtctgcctattcaccgattttgattctcaaacaaatgtgtcacaaagtaaggattctgatgtgtatatcacagacatcaccaggcccagagtctc,TGTGGAGCAGACAATTCCATGAATGCTGGTGGTACTAGCTATGGAAAGCTGACATTT,NA,ggagcagacaattccatgaatgctggtggtactagctatggaaagctgaca,GADNSMNAGGTSYGKLT,CGADNSMNAGGTSYGKLTF,NA,No issue flagged by IMGT,NA,pass,NA
40,T00024.IFNA-F4_H08.seq,productive,AV19*01,97.80702209,AJ23*01,85.48,NA,in-frame,ctctttgtgaccttggactgtgtgtatgaaacccgtgatactacttattacttattctggtacaagcaaccaccaagtggagaattggttttccttattcgtcggaactcttttgatgagcaaaatgaaataagtggtcggtattcttggaacttccagaaatccaccagttccttcaacttcaccatcacagcctcacaagtcgtggactcagcagtatacttctgtgctctgaggggcgtggctcagggaggaaagcttatcttcggacagggaacggagttatctgtgaaacccaatatccagaaccctgaccctgccgtgtaccagctgagagactctaaatccagtgacaagtctgtctgcctattcaccgattttgattctcaaacaaatgtgtcacaaagtaaggattctgatgtgtatatcacagacataaaagctccccggccca,TGTGCTCTGAGGGGCGTGGCTCAGGGAGGAAAGCTTATCTTC,NA,gctctgaggggcgtggctcagggaggaaagcttatc,ALRGVAQGGKLI,CALRGVAQGGKLIF,NA,J Identity issue,NA,pass,NA
41,T00024.IFNA-F8_A09.seq,productive,AV8-6*02,96.20253754,AJ40*01,91.8,NA,in-frame,cctttaaccaaggactccagcttctcctgaagtatttatcaggatccaccctggttaaaggcatcagaggttttgaggctgaatttaacaagagtcaaacttccttccacttgaggaaaccctcagtccatataagcgacacggctgagtacttctgtgctctctctcccgggggaacctacaaatacatctttggaacaggcaccaggctgaaggttttagcaaatatccagaaccctgaccctgccgtgtaccagctgagagactctaaatccagtgacaagtctgtctgcctattcaccgattttgattctcaaacaaatgtgtcacaaagtaaggattctgatgtgtatatcactgacatcccgcgggccaaagtgcct,TGTGCTCTCTCTCCCGGGGGAACCTACAAATACATCTTT,NA,gctctctctcccgggggaacctacaaatacatc,ALSPGGTYKYI,CALSPGGTYKYIF,NA,No issue flagged by IMGT,NA,pass,NA
42,T00024.IFNA-G2_C09.seq,unproductive,AV29/DV5*04,96.73202515,AJ42*01,96.97,NA,in-frame,tctgctgaaggtcctacattcctgatatctataagttccattaaggataaaaatgaagatggaagattcactgttttcttaaacaaaagtgtcaagcacctctctttgcacattgtgccctcccagcctggagactctgcagtgtagttttgtgcagcaagtgggaattatggaggaagccaaggaaatctcatctttggaaaaggcactaaactatctgttaaaccaaatatccagaaccctgaccctgccgtgtaccagctgagagactctaaatccagtgacaagtctgtctgcctattcaccgattttgattctcaaacaaatgtgtcacaaagtaaggattctgatgtgtatatcacagacaaaacctgcccggcaagtcg,TGTGCAGCAAGTGGGAATTATGGAGGAAGCCAAGGAAATCTCATCTTT,NA,gcagcaagtgggaattatggaggaagccaaggaaatctcatc,AASGNYGGSQGNLI,CAASGNYGGSQGNLIF,NA,Unproductive issue,NA,fail,NA
43,T00024.IFNA-G4_D09.seq,unproductive,"AV8-6*01,AV8-6*02",71.06918335,AJ22*01,80.95,NA,in-frame,tctgctaaacgtcgtacattcctgatctttatatgttccattgaggacaacaatgtagaaggtataagcggttttgaggctgaatttaacaagagtcaaacttctttccacatgaggaaaccctcactccatataagcgacacggctgagtacttagctgctgtgactatcaatggttgagcaaggcaactgacctttggatagggcacacaattgactgttttaccagatatccagaaccctgaccctgccgtgtaccagctgagagactctaaatccagtgacaagtctgtctgcctattcaccgattttgattctcaaacaaatgtgtcacaaagtaaggattctgatgtgtatatcacagacaaacgaagggacggtg,GCTGCTGTGACTATCAATGGTTGAGCAAGGCAACTGACCTTT,NA,gctgtgactatcaatggttgagcaaggcaactgacc,AVTING*ARQLT,AAVTING*ARQLTF,NA,Unproductive issue,NA,fail,NA
44,T00024.IFNA-G9_E09.seq,productive,AV30*05,98.75,AJ53*01,96.97,NA,in-frame,tcagaagcatggtgaagcacccgtcttcctgatgatattactgaagggtggagaacagaagggtcatgacaaaatatctgcttcatttaatgaaaaaaagcagcaaagctccctgtaccttacggcctcccagctcagttactcaggaacctacttctgtggcacagtggatagtggaggtagcaactataaactgacatttggaaaaggaactctcttaaccgtgaatccaaatatccagaaccctgaccctgccgtgtaccagctgagagactctaaatccagtgacaagtctgtctgcctattcaccgattttgattctcaaacaaatgtgtcacaaagtaaggattctgatgtgtatatcacagacaaatattcgagccaaagctttt,TGTGGCACAGTGGATAGTGGAGGTAGCAACTATAAACTGACATTT,NA,ggcacagtggatagtggaggtagcaactataaactgaca,GTVDSGGSNYKLT,CGTVDSGGSNYKLTF,NA,No issue flagged by IMGT,NA,pass,NA
45,T00024.IFNA-H10_H09.seq,unproductive,AV10*01,96.8888855,AJ36*01,96.61,NA,in-frame,tgaaagaactgcactcttcaatccaattatacagtgagccccttcagcaacttaaggtggtataagcaagatagtgggagaggtcctgtttccctgacaatcatgactttcagtgagaacacaaagtggaacggaagatatacagcaactatggatgcagacacaaagcaaagctctctgcacatcacagcctcccaggtcagcgattcagcctcctacatttgtgtggtgagcgttcaaaatggggcaaacaacctgttctttgggactggaacgagactcaccgttattccctatatccagaaccctgaccctgccgtgtaccagctgagagactctaaatccagtgacaagtctgtctgcctattcaccgattttgattctcaaacaaatgtgtcacaaagtaaggattctgatgtgtatatcacagacaaaactacctgtccgcc,TGTGTGGTGAGCGTTCAAAATGGGGCAAACAACCTGTTCTTT,NA,gtggtgagcgttcaaaatggggcaaacaacctgttc,VVSVQNGANNLF,CVVSVQNGANNLFF,NA,Unproductive issue,NA,fail,NA
46,T00024.IFNA-H4_F09.seq,productive,AV16*01,100,AJ9*01,95.08,NA,in-frame,gtccagtactccagacaacgcctccagttactcttgagacacatctctagagagagcatcaaaggcttcactgctgaccttaacaaaggcgagacatctttccacctgaagaaaccatttgctcaagaggaagactcagccatgtattactgtgcttttaatactggaggcttcaaaactatctttggagcaggaacaagactatttgttaaagcaaatatccagaaccctgaccctgccgtgtaccagctgagagactctaaatccagtgacaagtctgtctgcctattcaccgattttgattctcaaacaaatgtgtcacaaagtaaggattctgatgtgtatatcacagacataaacctgccccacgat,TGTGCTTTTAATACTGGAGGCTTCAAAACTATCTTT,NA,gcttttaatactggaggcttcaaaactatc,AFNTGGFKTI,CAFNTGGFKTIF,NA,No issue flagged by IMGT,NA,pass,NA
47,T00024.IFNA-H5_G09.seq,productive,AV4*01,98.30508423,AJ33*01,98.25,NA,in-frame,tgttattatatcacgtggtaccaacagtttcccagccaaggaccacgatttattattcaaggatacaagacaaaagttacaaacgaagtggcctccctgtttatccctgccgacagaaagtccagcactctgagcctgccccgggtttccctgagcgacactgctgtgtactactgcctcgtgggtgaaaccggggatagcaactatcagttaatctggggcgctgggaccaagctaattataaagccagatatccagaaccctgaccctgccgtgtaccagctgagagactctaaatccagtgacaagtctgtctgcctattcaccgattttgattctcaaacaaatgtgtcacaaagtaaggattctgatgtgtatatcacagacaacacccgcaccggagttt,TGCCTCGTGGGTGAAACCGGGGATAGCAACTATCAGTTAATCTGG,NA,ctcgtgggtgaaaccggggatagcaactatcagttaatc,LVGETGDSNYQLI,CLVGETGDSNYQLIW,NA,No issue flagged by IMGT,NA,pass,NA
25,T00024.IFNB-A3_A10.seq,productive,"BV29-1*01,BV29-1*02,BV29-1*03",98,BJ2-7*01,93.62,BD2*01,in-frame,ttctgactgtgagcaacatgagccctgaagacagcagcatatatctctgcagcgtcctccgagcctccgagcagtacttcgggccgggcaccaggctcacggtcacagaggactaaaaacgtcaccccagccg,TGCAGCGTCCTCCGAGCCTCCGAGCAGTACTTC,NA,agcgtcctccgagcctccgagcagtac,SVLRASEQY,CSVLRASEQYF,NA,No issue flagged by IMGT,NA,pass,NA
26,T00024.IFNB-A6_B10.seq,productive,"BV3-1*01,BV3-1*02,BV3-2*01P,BV3-2*02P,BV3-2*03P",98.07691956,BJ2-1*01,92,BD2*01,in-frame,taatcttcacatcaattccctggagcttggtgactctgctgtgtatttctgtgccagcagccaaggactagcggtgatcgacaatgagcagttcttcgggccagggacacggctcaccgtgctagaggacctaaaaacgtacacctatgcg,TGTGCCAGCAGCCAAGGACTAGCGGTGATCGACAATGAGCAGTTCTTC,NA,gccagcagccaaggactagcggtgatcgacaatgagcagttc,ASSQGLAVIDNEQF,CASSQGLAVIDNEQFF,NA,No issue flagged by IMGT,NA,pass,NA
27,T00024.IFNB-A8_C10.seq,productive,"BV13*01,BV13*02",98.2142868,BJ1-1*01,97.92,BD1*01,in-frame,tagcgataaaggaagcatccctgatcgattctcagctcaacagttcagtgactattattctgaactgaacatgagctccttggagctgggggactcagccctgtacttctgtgccagcagcttaggggtggcgaacactgaagctttctttggacaaggcaccagactcacagttgtagaggactaacaaggtccctcagccc,TGTGCCAGCAGCTTAGGGGTGGCGAACACTGAAGCTTTCTTT,NA,gccagcagcttaggggtggcgaacactgaagctttc,ASSLGVANTEAF,CASSLGVANTEAFF,NA,No issue flagged by IMGT,NA,pass,NA
28,T00024.IFNB-B2_D10.seq,productive,"BV5-4*01,BV5-4*02,BV5-4*03,BV5-4*04",98.18182373,BJ2-7*01,91.49,BD1*01,in-frame,ttctgagctgaatgtgaacgccttggagctggacgactcggccctgtatctctgtgccagcagcttaccgggacagggggccgtcgagcagtacttcgggccgggcaccaggctcacggtcacagaggacctgaaaaacacataataggccttcac,TGTGCCAGCAGCTTACCGGGACAGGGGGCCGTCGAGCAGTACTTC,NA,gccagcagcttaccgggacagggggccgtcgagcagtac,ASSLPGQGAVEQY,CASSLPGQGAVEQYF,NA,No issue flagged by IMGT,NA,pass,NA
29,T00024.IFNB-B8_E10.seq,productive,BV6-1*01,99.51922607,BJ2-7*01,91.49,BD2*01,in-frame,gtgtgcccaggatatgaaccataactccatgtactggtatcgacaagacccaggcatgggactgaggctgatttattactcagcttctgagggtaccactggcaaaggagaagtccccaatggctacaatgtctccagattaaacaaacgggagttctcgctcaggctggagtcggctgctccctcccagacatctgtgtacttctgtgccagcagtgaccttcggtacgagcagtacttcgggccgggcaccaggctcacggtcacagaggacctgacaatcaaccaaacgggatgtcca,TGTGCCAGCAGTGACCTTCGGTACGAGCAGTACTTC,NA,gccagcagtgaccttcggtacgagcagtac,ASSDLRYEQY,CASSDLRYEQYF,NA,No issue flagged by IMGT,NA,pass,NA
30,T00024.IFNB-B9_F10.seq,productive,"BV3-1*01,BV3-1*02,BV3-2*01P,BV3-2*02P,BV3-2*03P",98.07691956,BJ2-1*01,92,BD2*01,in-frame,taatcttcacatcaattccctggagcttggtgactctgctgtgtatttctgtgccagcagccaaggactagcggtgatcgacaatgagcagttcttcgggccagggacacggctcaccgtgctagaggactgaaaaacgtcacctccttgcg,TGTGCCAGCAGCCAAGGACTAGCGGTGATCGACAATGAGCAGTTCTTC,NA,gccagcagccaaggactagcggtgatcgacaatgagcagttc,ASSQGLAVIDNEQF,CASSQGLAVIDNEQFF,NA,No issue flagged by IMGT,NA,pass,NA
31,T00024.IFNB-C7_G10.seq,productive,BV5-6*01,98.18182373,BJ2-7*01,95.74,BD2*01,in-frame,ttctgagctgaatgtgaacgccttgttgctgggggactcggccctctatctctgtgccagcagcttggtgcggtcaacctacgagcagtacttcgggccgggcaccaggctcacggtcacagaggacctaaaaacgtattttccatgcac,TGTGCCAGCAGCTTGGTGCGGTCAACCTACGAGCAGTACTTC,NA,gccagcagcttggtgcggtcaacctacgagcagtac,ASSLVRSTYEQY,CASSLVRSTYEQYF,NA,No issue flagged by IMGT,NA,pass,NA
32,T00024.IFNB-C8_H10.seq,No rearrangement found,BV3-1*01,65.47618866,NA,NA,NA,NA,tagaatctctcagcctccagaccccaggaccgtaatcttcacatcaattccctggagcttggtgactaggctgtgtatttttgtgccagcagccaaggactagcggtgatcgacaatgagcactcttcgggccagggacacggctcaccggctagaggaccgaaaaacgagccctccg,NA,NA,NA,NA,NA,NA,V Identity issue,NA,fail,2 sequences
33,T00024.IFNB-D1_A11.seq,productive,BV28*01,98.18182373,BJ2-7*01,95.74,BD2*01,in-frame,tttctccctgattctggagtccgccagcaccaaccagacatctatgtacctctgtgccagcagttttggcggggaagcctacgagcagtacttcgggccgggcaccaggctcacggtcacagaggacgtaaaaacgtccagccatgccg,TGTGCCAGCAGTTTTGGCGGGGAAGCCTACGAGCAGTACTTC,NA,gccagcagttttggcggggaagcctacgagcagtac,ASSFGGEAYEQY,CASSFGGEAYEQYF,NA,No issue flagged by IMGT,NA,pass,NA
34,T00024.IFNB-D2_B11.seq,productive,"BV30*01,BV30*05",100,BJ1-2*01,87.5,BD2*02,in-frame,agaatctctcagcctccagaccccaggaccggcagttcatcctgagttctaagaagctccttctcagtgactctggcttctatctctgtgcctggctaggcgcgggaaaggtggatggctacaccttcggttcggggaccaggttaaccgttgtagaagatctgaaaccacgcacattctctccc,TGTGCCTGGCTAGGCGCGGGAAAGGTGGATGGCTACACCTTC,NA,gcctggctaggcgcgggaaaggtggatggctacacc,AWLGAGKVDGYT,CAWLGAGKVDGYTF,NA,J Identity issue,NA,pass,NA
35,T00024.IFNB-D3_C11.seq,productive,"BV3-1*01,BV3-1*02,BV3-2*01P,BV3-2*02P,BV3-2*03P",98.07691956,BJ2-1*01,92,BD2*01,in-frame,taatcttcacatcaattccctggagcttggtgactctgctgtgtatttctgtgccagcagccaaggactagcggtgatcgacaatgagcagttcttcgggccagggacacggctcaccgtgctagaggactaaaaacgtacacccttcgcag,TGTGCCAGCAGCCAAGGACTAGCGGTGATCGACAATGAGCAGTTCTTC,NA,gccagcagccaaggactagcggtgatcgacaatgagcagttc,ASSQGLAVIDNEQF,CASSQGLAVIDNEQFF,NA,No issue flagged by IMGT,NA,pass,NA
36,T00024.IFNB-D5_D11.seq,unproductive,BV28*01,98.18182373,BJ1-2*01,77.08,BD1*01,in-frame,tttctccctgattctggagtccgccagcaccaaccagacatctatgtacctctgtgcctcaggggacagtccctttccccttcaaggctacaccttcggttcggggaccaggttaaccgtgtagaggacctaacaaggtacccccttggca,TGTGCCTCAGGGGACAGTCCCTTTCCCCTTCAAGGCTACACCTTC,NA,gcctcaggggacagtccctttccccttcaaggctacacc,ASGDSPFPLQGYT,CASGDSPFPLQGYTF,NA,Unproductive issue,NA,pass,removed poor quality sequence at end
37,T00024.IFNB-D6_E11.seq,productive,"BV3-1*01,BV3-1*02,BV3-2*01P,BV3-2*02P,BV3-2*03P",98.07691956,BJ2-1*01,92,BD2*01,in-frame,taatcttcacatcaattccctggagcttggtgactctgctgtgtatttctgtgccagcagccaaggactagcggtgatcgacaatgagcagttcttcgggccagggacacggctcaccgtgctagaggacctgaaaaacgtacactccatgccc,TGTGCCAGCAGCCAAGGACTAGCGGTGATCGACAATGAGCAGTTCTTC,NA,gccagcagccaaggactagcggtgatcgacaatgagcagttc,ASSQGLAVIDNEQF,CASSQGLAVIDNEQFF,NA,No issue flagged by IMGT,NA,pass,NA
38,T00024.IFNB-E4_F11.seq,productive,"BV3-1*01,BV3-1*02,BV3-2*01P,BV3-2*02P,BV3-2*03P",98.07691956,BJ2-1*01,92,BD2*01,in-frame,taatcttcacatcaattccctggagcttggtgactctgctgtgtatttctgtgccagcagccaaggactagcggtgatcgacaatgagcagttcttcgggccagggacacggctcaccgtgctagaggacgtaaaaacgaccctcctcgccg,TGTGCCAGCAGCCAAGGACTAGCGGTGATCGACAATGAGCAGTTCTTC,NA,gccagcagccaaggactagcggtgatcgacaatgagcagttc,ASSQGLAVIDNEQF,CASSQGLAVIDNEQFF,NA,No issue flagged by IMGT,NA,pass,NA
39,T00024.IFNB-E7_G11.seq,productive,BV6-1*01,100,BJ2-7*01,91.49,BD2*01,in-frame,gtgtgcccaggatatgaaccataactccatgtactggtatcgacaagacccaggcatgggactgaggctgatttattactcagcttctgagggtaccactgacaaaggagaagtccccaatggctacaatgtctccagattaaacaaacgggagttctcgctcaggctggagtcggctgctccctcccagacatctgtgtacttctgtgccagcagtgaccttcggtacgagcagtacttcgggccgggcaccaggctcacggtcacagaggacctgatatcctaccaacagacaaaatctca,TGTGCCAGCAGTGACCTTCGGTACGAGCAGTACTTC,NA,gccagcagtgaccttcggtacgagcagtac,ASSDLRYEQY,CASSDLRYEQYF,NA,No issue flagged by IMGT,NA,pass,NA
40,T00024.IFNB-F10_B12.seq,unproductive,"BV6-2*01,BV6-3*01",100,BJ1-1*01,85.42,BD1*01,in-frame,gtgtgcccaggatatgaaccatgaatacatgtactggtatcgacaagacccaggcatggggctgaggctgattcattactcagttggtgagggtacaactgccaaaggagaggtccctgatggctacaatgtctccagattaaaaaaacagaatttcctgctggggttggagtcggctgctccctcccaaacatctgtgtacttctgtgccagcagttatttcgacaacactgaagctttctttggacaaggcaccagactcacagtgtagaggacctacaaatacacctaaagcaaccctttcacta,TGTGCCAGCAGTTATTTCGACAACACTGAAGCTTTCTTT,NA,gccagcagttatttcgacaacactgaagctttc,ASSYFDNTEAF,CASSYFDNTEAFF,NA,Unproductive issue,NA,pass,removed poor quality sequence at end
41,T00024.IFNB-F4_H11.seq,productive,"BV24-1*01,BV24-1*02",100,BJ2-1*01,96,BD2*02,in-frame,tgatggatacagtgtctctcgacaggcacaggctaaattctccctgtccctagagtctgccatccccaaccagacagctctttacttctgtgccaccagtgatcctcggactagcgggaggacctacaatgagcagttcttcgggccagggacacggctcaccgtgctagagaccgaaaaacgacactccccgcg,TGTGCCACCAGTGATCCTCGGACTAGCGGGAGGACCTACAATGAGCAGTTCTTC,NA,gccaccagtgatcctcggactagcgggaggacctacaatgagcagttc,ATSDPRTSGRTYNEQF,CATSDPRTSGRTYNEQFF,NA,No issue flagged by IMGT,NA,pass,NA
42,T00024.IFNB-F8_A12.seq,productive,BV10-1*01,99.61538696,BJ2-1*01,94,BD2*01,in-frame,ctcagagcccaagacacaagatcacagagacaggaaggcaggtgaccttggcgtgtcaccagacttggaaccacaacaatatgttctggtatcgacaagacctgggacatgggctgaggctgatccattactcatatggtgttcaagacactaacaaaggagaagtctcagatggctacagtgtctctagatcaaacacagaggacctccccctcactctggagtctgctgcctcctcccagacatctgtatatttctgcgccagcagtgacgggctagcggcttacaatgagcagttcttcgggccagggacacggctcaccgtgctagaggactaaaaacgtccaccctgcct,TGCGCCAGCAGTGACGGGCTAGCGGCTTACAATGAGCAGTTCTTC,NA,gccagcagtgacgggctagcggcttacaatgagcagttc,ASSDGLAAYNEQF,CASSDGLAAYNEQFF,NA,No issue flagged by IMGT,NA,pass,NA
43,T00024.IFNB-G2_C12.seq,productive,"BV5-4*01,BV5-4*02,BV5-4*03,BV5-4*04",100,BJ2-7*01,89.36,BD2*02,in-frame,tctgagctgaatgtgaacgccttggagctggacgactcggccctgtatctctgtgccagcagcttggttgagagggcgaggaacgagcagtacttcgggccgggcaccaggctcacggtcacagaggaccgaaaaacgtccacttcagcg,TGTGCCAGCAGCTTGGTTGAGAGGGCGAGGAACGAGCAGTACTTC,NA,gccagcagcttggttgagagggcgaggaacgagcagtac,ASSLVERARNEQY,CASSLVERARNEQYF,NA,J Identity issue,NA,pass,NA
44,T00024.IFNB-G4_D12.seq,productive,"BV24-1*01,BV24-1*02",97.82608795,BJ2-1*01,95.92,NA,in-frame,tagatggatacagtgtctctcgacaggcacaggctaaattctccctgtccctagagtctgccatccccaaccagacagctctttacttctgtgccaccagtgatttgcactacaatgagcagttcttcgggccagggacacggctcaccgtgctagaggaccgaaaaacgtccaccatgcg,TGTGCCACCAGTGATTTGCACTACAATGAGCAGTTCTTC,NA,gccaccagtgatttgcactacaatgagcagttc,ATSDLHYNEQF,CATSDLHYNEQFF,NA,No issue flagged by IMGT,NA,pass,NA
45,T00024.IFNB-G9_E12.seq,productive,"BV29-1*01,BV29-1*02,BV29-1*03",100,BJ2-7*01,93.62,BD2*01,in-frame,tctgactgtgagcaacatgagccctgaagacagcagcatatatctctgcagcgtcctccgagcctccgagcagtacttcgggccgggcaccaggctcacggtcacagaggacctaaaaacgtcccccttgt,TGCAGCGTCCTCCGAGCCTCCGAGCAGTACTTC,NA,agcgtcctccgagcctccgagcagtac,SVLRASEQY,CSVLRASEQYF,NA,No issue flagged by IMGT,NA,pass,NA
46,T00024.IFNB-H10_H12.seq,productive,BV6-5*01,66.98564911,BJ2-1*01,98,BD2*01,in-frame,tgtgtgcccaggatatgaaccatgaatacatgtcctggtatcgacaagacccaggcatggggctgaggctgattcattactcagttggcgctggtaccactggcaaaggagaagtccgattttctgctgaatttcccaaagagggccccagcatcctgaggatccagcaggtagtgcgaggagattcggcagcttatttctgtgccagctcaccaggactatcctacaatgagcagttcttcgggccagggacacggctcaccgtgctagaggaccgaaaaacgtctacttcttgcg,AGCTCACCAGGACTATCCTACAATGAGCAGTTCTTC,NA,tcaccaggactatcctacaatgagcagttc,SPGLSYNEQF,SSPGLSYNEQFF,NA,V Identity issue,NA,pass,"appears to have TRBV6-5 at start, then clean sequencing for productive TRBV18 - very strange!"
47,T00024.IFNB-H4_F12.seq,productive,"BV13*01,BV13*02",98.2142868,BJ1-1*01,97.92,BD1*01,in-frame,tagcgataaaggaagcatccctgatcgattctcagctcaacagttcagtgactttcattctgaactgaacatgagctccttggagctgggggactcagccctgtacttctgtgccagcagcttaggggtggcgaacactgaagctttctttggacaaggcaccagactcacagttgtagaggaccgaacaaggtcacttctgcg,TGTGCCAGCAGCTTAGGGGTGGCGAACACTGAAGCTTTCTTT,NA,gccagcagcttaggggtggcgaacactgaagctttc,ASSLGVANTEAF,CASSLGVANTEAFF,NA,No issue flagged by IMGT,NA,pass,NA
48,T00024.IFNB-H5_G12.seq,productive,"BV3-1*01,BV3-1*02,BV3-2*01P,BV3-2*02P,BV3-2*03P",98.07691956,BJ2-1*01,92,BD2*01,in-frame,taatcttcacatcaattccctggagcttggtgactctgctgtgtatttctgtgccagcagccaaggactagcggtgatcgacaatgagcagttcttcgggccagggacacggctcaccgtgctagaggacctgaaaaacgtcctcctgcgct,TGTGCCAGCAGCCAAGGACTAGCGGTGATCGACAATGAGCAGTTCTTC,NA,gccagcagccaaggactagcggtgatcgacaatgagcagttc,ASSQGLAVIDNEQF,CASSQGLAVIDNEQFF,NA,No issue flagged by IMGT,NA,pass,NA