cloneCount,Indiv.group,Indiv,group,well,V.GENE.and.allele_A,J.GENE.and.allele_A,JUNCTION_A,JUNCTION..AA._A,V.GENE_A,V.GENE.and.allele_B,J.GENE.and.allele_B,D.GENE.and.allele_B,JUNCTION_B,JUNCTION..AA._B,V.GENE_B,AV,AJ,AVJ,BV,BJ,BD,BVJ,AVJ.BVJ,AVJ_aCDR3,BVJ_bCDR3,AVJ_aCDR3_BVJ_bCDR3
1,T00016.CD8,T00016,CD8,A4,"AV26-1*01, AV26-1*02",AJ39*01,TGCATCGTCACCCATAATGCAGGCAACATGCTCACCTTT,CIVTHNAGNMLTF,AV26-1*01,"BV13*01, BV13*02",BJ1-1*01,BD2*02,TGTGCCAGCAGCACATCAATTGGTCGGGGCGGGAAGGGGAACACTGAAGCTTTCTTT,CASSTSIGRGGKGNTEAFF,BV13*01,AV26-1,AJ39,AV26-1.AJ39,BV13,BJ1-1,BD2,BV13.BJ1-1,AV26-1.AJ39_BV13.BJ1-1,AV26-1.AJ39_CIVTHNAGNMLTF,BV13.BJ1-1_CASSTSIGRGGKGNTEAFF,AV26-1.AJ39_CIVTHNAGNMLTF & BV13.BJ1-1_CASSTSIGRGGKGNTEAFF
1,T00016.CD8,T00016,CD8,A8,AV6*03 ,AJ27*01,TGTGCTCTTCATAACACCAATGCAGGCAAATCAACCTTT,CALHNTNAGKSTF,AV6*03,"BV4-1*01, BV4-1*02",BJ2-7*01,BD2*02,TGCGCCAGCAGCCAAGATAGGGCTAGCGGGAGCCTATCCTACGAGCAGTACTTC,CASSQDRASGSLSYEQYF,BV4-1*01,AV6,AJ27,AV6.AJ27,BV4-1,BJ2-7,BD2,BV4-1.BJ2-7,AV6.AJ27_BV4-1.BJ2-7,AV6.AJ27_CALHNTNAGKSTF,BV4-1.BJ2-7_CASSQDRASGSLSYEQYF,AV6.AJ27_CALHNTNAGKSTF & BV4-1.BJ2-7_CASSQDRASGSLSYEQYF
1,T00016.CD8,T00016,CD8,A9,"AV8-2*01, AV8-2*02, AV8-2*03, AV8-4*01, AV8-4*03",AJ21*01,TGTGCTGTGAGTGAGGGGAACTTCAACAAATTTTACTTT,CAVSEGNFNKFYF,AV8-2*01,"BV13*01, BV13*02",BJ2-5*01,BD2*01,TGTGCCAGCAGCCTTGACGGACTACAAGAGACCCAGTACTTC,CASSLDGLQETQYF,BV13*01,AV8-2,AJ21,AV8-2.AJ21,BV13,BJ2-5,BD2,BV13.BJ2-5,AV8-2.AJ21_BV13.BJ2-5,AV8-2.AJ21_CAVSEGNFNKFYF,BV13.BJ2-5_CASSLDGLQETQYF,AV8-2.AJ21_CAVSEGNFNKFYF & BV13.BJ2-5_CASSLDGLQETQYF
1,T00016.CD8,T00016,CD8,B10,AV6*03 ,AJ44*01,TGTGCTCTAGGGGATACCGGCACTGCCAGTAAACTCACCTTT,CALGDTGTASKLTF,AV6*03,BV27*01,BJ2-1*01,BD2*01,TGTGCCAGCAGCCCGGGACTAGCGAGAAACAATGAGCAGTTCTTC,CASSPGLARNNEQFF,BV27*01,AV6,AJ44,AV6.AJ44,BV27,BJ2-1,BD2,BV27.BJ2-1,AV6.AJ44_BV27.BJ2-1,AV6.AJ44_CALGDTGTASKLTF,BV27.BJ2-1_CASSPGLARNNEQFF,AV6.AJ44_CALGDTGTASKLTF & BV27.BJ2-1_CASSPGLARNNEQFF
1,T00016.CD8,T00016,CD8,B8,"AV26-1*01, AV26-1*02",AJ31*01,TGCATCGTCAGAGTCGAGGCTAAGATGTTT,CIVRVEAKMF,AV26-1*01,"BV4-2*01, BV4-2*02",BJ2-2*01,BD1*01,TGTGCCAGCAGCCAGTACACCCCAATGGTGACAGGGTCAAACGGGGAGCTGTTTTTT,CASSQYTPMVTGSNGELFF,BV4-2*01,AV26-1,AJ31,AV26-1.AJ31,BV4-2,BJ2-2,BD1,BV4-2.BJ2-2,AV26-1.AJ31_BV4-2.BJ2-2,AV26-1.AJ31_CIVRVEAKMF,BV4-2.BJ2-2_CASSQYTPMVTGSNGELFF,AV26-1.AJ31_CIVRVEAKMF & BV4-2.BJ2-2_CASSQYTPMVTGSNGELFF
1,T00016.CD8,T00016,CD8,C3,AV14/DV4*03,AJ40*01,TGTGCAATGAGAGATACCTCAGGAACCTACAAATACATCTTT,CAMRDTSGTYKYIF,AV14/DV4*03,BV28*01,BJ2-2*01,BD1*01,TGTGCCAGCAGTTTTCTTCCAGGGAACACCGGGGAGCTGTTTTTT,CASSFLPGNTGELFF,BV28*01,AV14/DV4,AJ40,AV14/DV4.AJ40,BV28,BJ2-2,BD1,BV28.BJ2-2,AV14/DV4.AJ40_BV28.BJ2-2,AV14/DV4.AJ40_CAMRDTSGTYKYIF,BV28.BJ2-2_CASSFLPGNTGELFF,AV14/DV4.AJ40_CAMRDTSGTYKYIF & BV28.BJ2-2_CASSFLPGNTGELFF
1,T00016.CD8,T00016,CD8,C5,"AV8-2*01, AV8-2*02, AV8-2*03, AV8-4*01, AV8-4*03",AJ26*01,TGTGCCAAAAACTATGGTCAGAATTTTGTCTTT,CAKNYGQNFVF,AV8-2*01,BV25-1*01,BJ2-7*01,BD1*01,TGTGCCAGCAGTGTCGGGACAGGAGTTTACGAGCAGTACTTC,CASSVGTGVYEQYF,BV25-1*01,AV8-2,AJ26,AV8-2.AJ26,BV25-1,BJ2-7,BD1,BV25-1.BJ2-7,AV8-2.AJ26_BV25-1.BJ2-7,AV8-2.AJ26_CAKNYGQNFVF,BV25-1.BJ2-7_CASSVGTGVYEQYF,AV8-2.AJ26_CAKNYGQNFVF & BV25-1.BJ2-7_CASSVGTGVYEQYF
1,T00016.CD8,T00016,CD8,C9,AV29/DV5*04,AJ34*01,TGTGCAGCAAGCACCGACAAGCTCATCTTT,CAASTDKLIF,AV29/DV5*04,"BV12-3*01, BV12-4*01",BJ2-1*01,BD2*02,TGTGCCAGCAGCTATAGCGGGAGGGCTGAGCAGTTCTTC,CASSYSGRAEQFF,BV12-3*01,AV29/DV5,AJ34,AV29/DV5.AJ34,BV12-3,BJ2-1,BD2,BV12-3.BJ2-1,AV29/DV5.AJ34_BV12-3.BJ2-1,AV29/DV5.AJ34_CAASTDKLIF,BV12-3.BJ2-1_CASSYSGRAEQFF,AV29/DV5.AJ34_CAASTDKLIF & BV12-3.BJ2-1_CASSYSGRAEQFF
1,T00016.CD8,T00016,CD8,D7,AV29/DV5*04,AJ52*01,TGTGCAGCAAGTGGGAATGCTGGTGGTACTAGCTATGGAAAGCTGACATTT,CAASGNAGGTSYGKLTF,AV29/DV5*04,"BV12-3*01, BV12-4*01",BJ1-5*01,BD1*01,TGTGCCAGCAGTTTATTCAGGGCGAATGGGCCCCAGCATTTT,CASSLFRANGPQHF,BV12-3*01,AV29/DV5,AJ52,AV29/DV5.AJ52,BV12-3,BJ1-5,BD1,BV12-3.BJ1-5,AV29/DV5.AJ52_BV12-3.BJ1-5,AV29/DV5.AJ52_CAASGNAGGTSYGKLTF,BV12-3.BJ1-5_CASSLFRANGPQHF,AV29/DV5.AJ52_CAASGNAGGTSYGKLTF & BV12-3.BJ1-5_CASSLFRANGPQHF
1,T00016.CD8,T00016,CD8,E10,"AV26-1*01, AV26-1*02",AJ15*01,TGCATCGTCAGACTCATAAACCAGGCAGGAACTGCTCTGATCTTT,CIVRLINQAGTALIF,AV26-1*01,"BV29-1*01, BV29-1*02, BV29-1*03",BJ2-7*01,BD2*01,TGCAGCGTTGCCGGGACTTCCAGCTACGAGCAGTACTTC,CSVAGTSSYEQYF,BV29-1*01,AV26-1,AJ15,AV26-1.AJ15,BV29-1,BJ2-7,BD2,BV29-1.BJ2-7,AV26-1.AJ15_BV29-1.BJ2-7,AV26-1.AJ15_CIVRLINQAGTALIF,BV29-1.BJ2-7_CSVAGTSSYEQYF,AV26-1.AJ15_CIVRLINQAGTALIF & BV29-1.BJ2-7_CSVAGTSSYEQYF
1,T00016.CD8,T00016,CD8,E7,AV1-2*01,AJ33*01,TGTGCTGTGAGAGATAGCAAATATCAGTTAATTTGG,CAVRDSKYQLIW,AV1-2*01,BV6-1*01,BJ2-1*01,BD2*02,TGTGCCAGCAGTGAAGCGGGAGACGGATACAATGAGCAGTTCTTC,CASSEAGDGYNEQFF,BV6-1*01,AV1-2,AJ33,AV1-2.AJ33,BV6-1,BJ2-1,BD2,BV6-1.BJ2-1,AV1-2.AJ33_BV6-1.BJ2-1,AV1-2.AJ33_CAVRDSKYQLIW,BV6-1.BJ2-1_CASSEAGDGYNEQFF,AV1-2.AJ33_CAVRDSKYQLIW & BV6-1.BJ2-1_CASSEAGDGYNEQFF
1,T00016.CD8,T00016,CD8,F4,AV22*01,AJ40*01,TGTGCTGTTCCTCAAGCCTCAGGAACCTACAAATACATCTTT,CAVPQASGTYKYIF,AV22*01,BV28*01,BJ2-1*01,BD1*01,TGTGCCAGCAGTGACCCGCGGGACAGGGGAAATGAGCAGTTCTTC,CASSDPRDRGNEQFF,BV28*01,AV22,AJ40,AV22.AJ40,BV28,BJ2-1,BD1,BV28.BJ2-1,AV22.AJ40_BV28.BJ2-1,AV22.AJ40_CAVPQASGTYKYIF,BV28.BJ2-1_CASSDPRDRGNEQFF,AV22.AJ40_CAVPQASGTYKYIF & BV28.BJ2-1_CASSDPRDRGNEQFF
1,T00016.CD8,T00016,CD8,F8,AV17*01,AJ30*01,TGTGCTACGGACGCCGGAGATGACAAGATCATCTTT,CATDAGDDKIIF,AV17*01,BV7-9*01,BJ1-1*01,BD1*01,TGTGCCAGCGGCAAGTTGTTCACTGAAGCTTTCTTT,CASGKLFTEAFF,BV7-9*01,AV17,AJ30,AV17.AJ30,BV7-9,BJ1-1,BD1,BV7-9.BJ1-1,AV17.AJ30_BV7-9.BJ1-1,AV17.AJ30_CATDAGDDKIIF,BV7-9.BJ1-1_CASGKLFTEAFF,AV17.AJ30_CATDAGDDKIIF & BV7-9.BJ1-1_CASGKLFTEAFF
1,T00016.CD8,T00016,CD8,G10,AV17*01,AJ30*01,TGTGCTACGGCCCCGAACAGAGATGACAAGATCATCTTT,CATAPNRDDKIIF,AV17*01,BV9*01,BJ1-3*01,BD1*01,TGTGCCAGCAGCGTAGACGGGCGCTCTGGAAACACCATATATTTT,CASSVDGRSGNTIYF,BV9*01,AV17,AJ30,AV17.AJ30,BV9,BJ1-3,BD1,BV9.BJ1-3,AV17.AJ30_BV9.BJ1-3,AV17.AJ30_CATAPNRDDKIIF,BV9.BJ1-3_CASSVDGRSGNTIYF,AV17.AJ30_CATAPNRDDKIIF & BV9.BJ1-3_CASSVDGRSGNTIYF
1,T00016.CD8,T00016,CD8,G5,AV1-2*01,AJ33*01,TGTGCTGTCTTGGATAGCAACTATCAGTTAATCTGG,CAVLDSNYQLIW,AV1-2*01,BV6-5*01,BJ2-7*01,BD1*01,TGTGCCAGCAGTTACTCCCCGGGACAGGGAATCTACGAGCAGTACTTC,CASSYSPGQGIYEQYF,BV6-5*01,AV1-2,AJ33,AV1-2.AJ33,BV6-5,BJ2-7,BD1,BV6-5.BJ2-7,AV1-2.AJ33_BV6-5.BJ2-7,AV1-2.AJ33_CAVLDSNYQLIW,BV6-5.BJ2-7_CASSYSPGQGIYEQYF,AV1-2.AJ33_CAVLDSNYQLIW & BV6-5.BJ2-7_CASSYSPGQGIYEQYF
1,T00016.CD8,T00016,CD8,G8,"AV26-1*01, AV26-1*02",AJ43*01,TGCATCGTCAGAGGCGACAATAACAATGACATGCGCTTT,CIVRGDNNNDMRF,AV26-1*01,"BV13*01, BV13*02",BJ2-7*01,No BD,TGTGCCAGCAGCTTACCCCCCCCCTACGAGCAGTACTTC,CASSLPPPYEQYF,BV13*01,AV26-1,AJ43,AV26-1.AJ43,BV13,BJ2-7,No,BV13.BJ2-7,AV26-1.AJ43_BV13.BJ2-7,AV26-1.AJ43_CIVRGDNNNDMRF,BV13.BJ2-7_CASSLPPPYEQYF,AV26-1.AJ43_CIVRGDNNNDMRF & BV13.BJ2-7_CASSLPPPYEQYF
1,T00016.CD8,T00016,CD8,H2,"AV13-2*01, AV13-2*02",AJ5*01,TGTGCAGAGAATATGGACACGGGCAGGAGAGCACTTACTTTT,CAENMDTGRRALTF,AV13-2*01,"BV4-1*01, BV4-1*02",BJ1-1*01,BD1*01,TGCGCCAGCAGCCTGCCCGTAGGGGGCACTGAAGCTTTCTTT,CASSLPVGGTEAFF,BV4-1*01,AV13-2,AJ5,AV13-2.AJ5,BV4-1,BJ1-1,BD1,BV4-1.BJ1-1,AV13-2.AJ5_BV4-1.BJ1-1,AV13-2.AJ5_CAENMDTGRRALTF,BV4-1.BJ1-1_CASSLPVGGTEAFF,AV13-2.AJ5_CAENMDTGRRALTF & BV4-1.BJ1-1_CASSLPVGGTEAFF
1,T00016.CD8,T00016,CD8,H4,"AV9-2*01, AV9-2*02, AV9-2*03, AV9-2*04",AJ34*01,TGTGCTCTAGGTATATCTTATAACACCGACAATCTCATCTTT,CALGISYNTDNLIF,AV9-2*01,BV9*01,BJ2-4*01,BD1*01,TGTGCCAGCAGCGTAGATGGACGACCCAAGAACATTCAGTACTTC,CASSVDGRPKNIQYF,BV9*01,AV9-2,AJ34,AV9-2.AJ34,BV9,BJ2-4,BD1,BV9.BJ2-4,AV9-2.AJ34_BV9.BJ2-4,AV9-2.AJ34_CALGISYNTDNLIF,BV9.BJ2-4_CASSVDGRPKNIQYF,AV9-2.AJ34_CALGISYNTDNLIF & BV9.BJ2-4_CASSVDGRPKNIQYF
1,T00016.CD8,T00016,CD8,H9,AV14/DV4*03,AJ31*01,TGTGCAATGAGACCTTCTAGGAATAACAATGCCAGACTCATGTTT,CAMRPSRNNNARLMF,AV14/DV4*03,BV7-9*01,BJ1-5*01,BD1*01,TGTGCCAGCAGCTTCGACACCAATCAGCCCCAGCATTTT,CASSFDTNQPQHF,BV7-9*01,AV14/DV4,AJ31,AV14/DV4.AJ31,BV7-9,BJ1-5,BD1,BV7-9.BJ1-5,AV14/DV4.AJ31_BV7-9.BJ1-5,AV14/DV4.AJ31_CAMRPSRNNNARLMF,BV7-9.BJ1-5_CASSFDTNQPQHF,AV14/DV4.AJ31_CAMRPSRNNNARLMF & BV7-9.BJ1-5_CASSFDTNQPQHF
1,T00016.IFN,T00016,IFN,A5,AV19*01,AJ32*02,TGTGCTCTGAGTGAGGCTAGTGGTGCTACAAACAAGCTCATCTTT,CALSEASGATNKLIF,AV19*01,BV9*01,BJ2-7*01,BD2*02,TGTGCCAGCAGCGTAGCGGCGGGACCAAACTACGAGCAGTACTTC,CASSVAAGPNYEQYF,BV9*01,AV19,AJ32,AV19.AJ32,BV9,BJ2-7,BD2,BV9.BJ2-7,AV19.AJ32_BV9.BJ2-7,AV19.AJ32_CALSEASGATNKLIF,BV9.BJ2-7_CASSVAAGPNYEQYF,AV19.AJ32_CALSEASGATNKLIF & BV9.BJ2-7_CASSVAAGPNYEQYF
1,T00016.IFN,T00016,IFN,A6,AV1-1*01,AJ22*01,TGCGCTGTGTTGGCCCCCGGTTCTGCAAGGCAACTGACCTTT,CAVLAPGSARQLTF,AV1-1*01,"BV14*01, BV14*02",BJ2-7*01,BD1*01,TGTGCCAGCAGCCAAGAGGGCAGGGGGCGGTACGAGCAGTACTTC,CASSQEGRGRYEQYF,BV14*01,AV1-1,AJ22,AV1-1.AJ22,BV14,BJ2-7,BD1,BV14.BJ2-7,AV1-1.AJ22_BV14.BJ2-7,AV1-1.AJ22_CAVLAPGSARQLTF,BV14.BJ2-7_CASSQEGRGRYEQYF,AV1-1.AJ22_CAVLAPGSARQLTF & BV14.BJ2-7_CASSQEGRGRYEQYF
1,T00016.IFN,T00016,IFN,A7,AV4*01,AJ13*02,TGCCTCGTGGCTATGAATTCTGGGGGTTACCAGAAAGTTACCTTT,CLVAMNSGGYQKVTF,AV4*01,BV6-6*03,BJ2-1*01,BD2*01,TGTGCCAGCAGTTTTGGGCGGGGGGACTACAATGAGCAGTTCTTC,CASSFGRGDYNEQFF,BV6-6*03,AV4,AJ13,AV4.AJ13,BV6-6,BJ2-1,BD2,BV6-6.BJ2-1,AV4.AJ13_BV6-6.BJ2-1,AV4.AJ13_CLVAMNSGGYQKVTF,BV6-6.BJ2-1_CASSFGRGDYNEQFF,AV4.AJ13_CLVAMNSGGYQKVTF & BV6-6.BJ2-1_CASSFGRGDYNEQFF
1,T00016.IFN,T00016,IFN,A8,"AV8-2*01, AV8-2*02, AV8-2*03, AV8-4*01, AV8-4*04",AJ4*01,TGTGTTGTGAGTGTGTTTTGGGGTGGCTACAATAAGCTGACTTTT,CVVSVFWGGYNKLTF,AV8-2*01,BV15*02,BJ2-7*01,BD1*01,TGTGCCACCAGCAGAGACCGACAGGGTGTCTTCGAGCAGTACTTC,CATSRDRQGVFEQYF,BV15*02,AV8-2,AJ4,AV8-2.AJ4,BV15,BJ2-7,BD1,BV15.BJ2-7,AV8-2.AJ4_BV15.BJ2-7,AV8-2.AJ4_CVVSVFWGGYNKLTF,BV15.BJ2-7_CATSRDRQGVFEQYF,AV8-2.AJ4_CVVSVFWGGYNKLTF & BV15.BJ2-7_CATSRDRQGVFEQYF
1,T00016.IFN,T00016,IFN,C5,"AV8-2*01, AV8-2*02, AV8-2*03, AV8-4*01, AV8-4*04",AJ4*01,TGTTTTGTGAGTGTGTTTTGGGGTGGCTACAATAAGCTGACTTTT,CFVSVFWGGYNKLTF,AV8-2*01,BV15*02,BJ2-7*01,BD1*01,TGTGCCACCAGCAGAGACCGACAGGGTGTCTTCGAGCAGTACTTC,CATSRDRQGVFEQYF,BV15*02,AV8-2,AJ4,AV8-2.AJ4,BV15,BJ2-7,BD1,BV15.BJ2-7,AV8-2.AJ4_BV15.BJ2-7,AV8-2.AJ4_CFVSVFWGGYNKLTF,BV15.BJ2-7_CATSRDRQGVFEQYF,AV8-2.AJ4_CFVSVFWGGYNKLTF & BV15.BJ2-7_CATSRDRQGVFEQYF
1,T00016.IFN,T00016,IFN,D1,"AV8-2*01, AV8-2*02, AV8-2*03",AJ4*01,TGTGTTGTGAGTGTGTTTTCTGGTGGCTACAATAAGCTGATTTTT,CVVSVFSGGYNKLIF,AV8-2*01,BV15*02,BJ2-7*01,BD1*01,TGTGCCACCAGCAGAGACCGACAGGGTGTCTTCGAGCAGTACTTC,CATSRDRQGVFEQYF,BV15*02,AV8-2,AJ4,AV8-2.AJ4,BV15,BJ2-7,BD1,BV15.BJ2-7,AV8-2.AJ4_BV15.BJ2-7,AV8-2.AJ4_CVVSVFSGGYNKLIF,BV15.BJ2-7_CATSRDRQGVFEQYF,AV8-2.AJ4_CVVSVFSGGYNKLIF & BV15.BJ2-7_CATSRDRQGVFEQYF
1,T00016.IFN,T00016,IFN,D10,"AV12-2*02, AV12-2*03",AJ49*01,TGTGCCGTGAACACCGGTAACCAGTTCTATTTT,CAVNTGNQFYF,AV12-2*02,"BV5-4*01, BV5-4*02, BV5-4*03, BV5-4*04",BJ2-1*01,BD2*01,TGTGCCAGCAGCCCCATGCCCTATGATGAGCAGTTCTTC,CASSPMPYDEQFF,BV5-4*01,AV12-2,AJ49,AV12-2.AJ49,BV5-4,BJ2-1,BD2,BV5-4.BJ2-1,AV12-2.AJ49_BV5-4.BJ2-1,AV12-2.AJ49_CAVNTGNQFYF,BV5-4.BJ2-1_CASSPMPYDEQFF,AV12-2.AJ49_CAVNTGNQFYF & BV5-4.BJ2-1_CASSPMPYDEQFF
1,T00016.IFN,T00016,IFN,D4,AV5*01,AJ4*01,TGTGCAGAGAGTCCTCCCGATGGCTACAATAAGCTGATTTTT,CAESPPDGYNKLIF,AV5*01,BV11-2*01,BJ2-1*01,BD2*01,TGTGCCAGCAGCCAGGGACTAGCGGGTGACAATGAGCAGTTCTTC,CASSQGLAGDNEQFF,BV11-2*01,AV5,AJ4,AV5.AJ4,BV11-2,BJ2-1,BD2,BV11-2.BJ2-1,AV5.AJ4_BV11-2.BJ2-1,AV5.AJ4_CAESPPDGYNKLIF,BV11-2.BJ2-1_CASSQGLAGDNEQFF,AV5.AJ4_CAESPPDGYNKLIF & BV11-2.BJ2-1_CASSQGLAGDNEQFF
1,T00016.IFN,T00016,IFN,D5,AV4*01,AJ21*01,TGCCTCGTGGGCCCTTACAACTTCAACAAATTTTACTTT,CLVGPYNFNKFYF,AV4*01,"BV24-1*01, BV24-1*02",BJ1-1*01,BD1*01,TGTGCCACCAGTGAAACGGACGTCCTGCGGCCTGAAGCTTTCTTT,CATSETDVLRPEAFF,BV24-1*01,AV4,AJ21,AV4.AJ21,BV24-1,BJ1-1,BD1,BV24-1.BJ1-1,AV4.AJ21_BV24-1.BJ1-1,AV4.AJ21_CLVGPYNFNKFYF,BV24-1.BJ1-1_CATSETDVLRPEAFF,AV4.AJ21_CLVGPYNFNKFYF & BV24-1.BJ1-1_CATSETDVLRPEAFF
1,T00016.IFN,T00016,IFN,D7,AV29/DV5*04,AJ49*01,TGTGCAGCGGTCCTCCCCTTATCGAACACCGGTAACCAGTTCTATTTT,CAAVLPLSNTGNQFYF,AV29/DV5*04,BV6-5*01,BJ1-5*01,BD1*01,TGTGCCAGCAGGGGGGGCCAAGGGCAGCCCCAGCATTTT,CASRGGQGQPQHF,BV6-5*01,AV29/DV5,AJ49,AV29/DV5.AJ49,BV6-5,BJ1-5,BD1,BV6-5.BJ1-5,AV29/DV5.AJ49_BV6-5.BJ1-5,AV29/DV5.AJ49_CAAVLPLSNTGNQFYF,BV6-5.BJ1-5_CASRGGQGQPQHF,AV29/DV5.AJ49_CAAVLPLSNTGNQFYF & BV6-5.BJ1-5_CASRGGQGQPQHF
1,T00016.IFN,T00016,IFN,D9,AV8-6*01,AJ49*01,TGTGCTGTGAGATCGAACACCGGTAACCAGTTCTATTTT,CAVRSNTGNQFYF,AV8-6*01,BV6-5*01,BJ1-1*01,BD1*01,TGTGCCAGCAGTTCCGTGAGGGGAAGGGGGAACACTGAAGCTTTCTTT,CASSSVRGRGNTEAFF,BV6-5*01,AV8-6,AJ49,AV8-6.AJ49,BV6-5,BJ1-1,BD1,BV6-5.BJ1-1,AV8-6.AJ49_BV6-5.BJ1-1,AV8-6.AJ49_CAVRSNTGNQFYF,BV6-5.BJ1-1_CASSSVRGRGNTEAFF,AV8-6.AJ49_CAVRSNTGNQFYF & BV6-5.BJ1-1_CASSSVRGRGNTEAFF
1,T00016.IFN,T00016,IFN,E3,"AV21*01, AV21*02",AJ26*01,TGTGCTGTAGATAACTATGGTCAGAATTTTGTCTTT,CAVDNYGQNFVF,AV21*01,BV28*01,BJ2-1*01,BD1*01,TGTGCCAGCAGTCGACAGGGGTTATACTCCTACAATGAGCAGTTCTTC,CASSRQGLYSYNEQFF,BV28*01,AV21,AJ26,AV21.AJ26,BV28,BJ2-1,BD1,BV28.BJ2-1,AV21.AJ26_BV28.BJ2-1,AV21.AJ26_CAVDNYGQNFVF,BV28.BJ2-1_CASSRQGLYSYNEQFF,AV21.AJ26_CAVDNYGQNFVF & BV28.BJ2-1_CASSRQGLYSYNEQFF
1,T00016.IFN,T00016,IFN,E6,AV14/DV4*03,AJ49*01,TGTGCAATCACTAACACCGGTAACCAGTTCTATTTT,CAITNTGNQFYF,AV14/DV4*03,"BV2*01, BV2*02, BV2*03",BJ1-1*01,BD1*01,TGTGCCAGCAGTGAATTACAGAACACTGAAGCTTTCTTT,CASSELQNTEAFF,BV2*01,AV14/DV4,AJ49,AV14/DV4.AJ49,BV2,BJ1-1,BD1,BV2.BJ1-1,AV14/DV4.AJ49_BV2.BJ1-1,AV14/DV4.AJ49_CAITNTGNQFYF,BV2.BJ1-1_CASSELQNTEAFF,AV14/DV4.AJ49_CAITNTGNQFYF & BV2.BJ1-1_CASSELQNTEAFF
1,T00016.IFN,T00016,IFN,E7,AV12-2*01,AJ48*01,TGTGCCGTGAGGGATTCCTTTGGAAATGAGAAATTAACCTTT,CAVRDSFGNEKLTF,AV12-2*01,"BV12-3*01, BV12-4*01",BJ2-1*01,BD2*02,TGTGCCAGCAGTCCGCTCCTTTGGGAGGGCCTCCATGAGCAGTTCTTC,CASSPLLWEGLHEQFF,BV12-3*01,AV12-2,AJ48,AV12-2.AJ48,BV12-3,BJ2-1,BD2,BV12-3.BJ2-1,AV12-2.AJ48_BV12-3.BJ2-1,AV12-2.AJ48_CAVRDSFGNEKLTF,BV12-3.BJ2-1_CASSPLLWEGLHEQFF,AV12-2.AJ48_CAVRDSFGNEKLTF & BV12-3.BJ2-1_CASSPLLWEGLHEQFF
1,T00016.IFN,T00016,IFN,G1,AV29/DV5*04,AJ34*01,TGTGCAGCAAGCACCGACAAGCTCATCTTT,CAASTDKLIF,AV29/DV5*04,"BV12-3*01, BV12-4*01",BJ2-1*01,BD2*02,TGTGCCAGCAGCTATAGCGGGAGGGCTGAGCAGTTCTTC,CASSYSGRAEQFF,BV12-3*01,AV29/DV5,AJ34,AV29/DV5.AJ34,BV12-3,BJ2-1,BD2,BV12-3.BJ2-1,AV29/DV5.AJ34_BV12-3.BJ2-1,AV29/DV5.AJ34_CAASTDKLIF,BV12-3.BJ2-1_CASSYSGRAEQFF,AV29/DV5.AJ34_CAASTDKLIF & BV12-3.BJ2-1_CASSYSGRAEQFF
1,T00016.IFN,T00016,IFN,H2,"AV8-2*01, AV8-2*02, AV8-2*03, AV8-4*01, AV8-4*04",AJ4*01,TGTGTTGTGAGTGTGTTTTCTGGTGGCTACAATAAGCTGATTTTT,CVVSVFSGGYNKLIF,AV8-2*01,BV15*02,BJ2-7*01,BD1*01,TGTGCCACCAGCAGAGACCGACAGGGTGTCTTCGAGCAGTACTTC,CATSRDRQGVFEQYF,BV15*02,AV8-2,AJ4,AV8-2.AJ4,BV15,BJ2-7,BD1,BV15.BJ2-7,AV8-2.AJ4_BV15.BJ2-7,AV8-2.AJ4_CVVSVFSGGYNKLIF,BV15.BJ2-7_CATSRDRQGVFEQYF,AV8-2.AJ4_CVVSVFSGGYNKLIF & BV15.BJ2-7_CATSRDRQGVFEQYF
1,T00016.IFN,T00016,IFN,H4,"AV8-2*01, AV8-2*02, AV8-2*03, AV8-4*01, AV8-4*04",AJ4*01,TGTGTTGTGAGTGTGTTTTGGGGTGGATACAATAAGCTGACTTTT,CVVSVFWGGYNKLTF,AV8-2*01,BV15*02,BJ2-7*01,BD1*01,TGTGCCACCAGCAGAGACCGACAGGGTGTCTTCGAGCAGTACTTC,CATSRDRQGVFEQYF,BV15*02,AV8-2,AJ4,AV8-2.AJ4,BV15,BJ2-7,BD1,BV15.BJ2-7,AV8-2.AJ4_BV15.BJ2-7,AV8-2.AJ4_CVVSVFWGGYNKLTF,BV15.BJ2-7_CATSRDRQGVFEQYF,AV8-2.AJ4_CVVSVFWGGYNKLTF & BV15.BJ2-7_CATSRDRQGVFEQYF
1,T00016.IFN,T00016,IFN,H5,AV19*01,AJ32*02,TGTGCTCTGAGTGAGGCTAGTGGTGCTACAAACAAGCTCATCTTT,CALSEASGATNKLIF,AV19*01,BV9*01,BJ2-7*01,BD2*02,TGTGCCAGCAGCGTAGCGGCGGGACCAAACTACGAGCAGTACTTC,CASSVAAGPNYEQYF,BV9*01,AV19,AJ32,AV19.AJ32,BV9,BJ2-7,BD2,BV9.BJ2-7,AV19.AJ32_BV9.BJ2-7,AV19.AJ32_CALSEASGATNKLIF,BV9.BJ2-7_CASSVAAGPNYEQYF,AV19.AJ32_CALSEASGATNKLIF & BV9.BJ2-7_CASSVAAGPNYEQYF
1,T00016.IFN,T00016,IFN,H6,AV1-1*01,AJ22*01,TGCGCTGTGTTGGCCCCCGGTTCTGCAAGGCAACTGACCTTT,CAVLAPGSARQLTF,AV1-1*01,"BV14*01, BV14*02",BJ2-7*01,BD1*01,TGTGCCAGCAGCCAAGAGGGCAGGGGGCGGTACGAGCAGTACTTC,CASSQEGRGRYEQYF,BV14*01,AV1-1,AJ22,AV1-1.AJ22,BV14,BJ2-7,BD1,BV14.BJ2-7,AV1-1.AJ22_BV14.BJ2-7,AV1-1.AJ22_CAVLAPGSARQLTF,BV14.BJ2-7_CASSQEGRGRYEQYF,AV1-1.AJ22_CAVLAPGSARQLTF & BV14.BJ2-7_CASSQEGRGRYEQYF
1,T00016.IFN,T00016,IFN,H7,AV1-1*01,AJ22*01,TGCGCTGTGTTGGCCCCCGGTTCTGCAAGGCAACTGACCTTT,CAVLAPGSARQLTF,AV1-1*01,"BV14*01, BV14*02",BJ2-7*01,BD1*01,TGTGCCAGCAGCCAAGAGGGCAGGGGGCGGTACGAGCAGTACTTC,CASSQEGRGRYEQYF,BV14*01,AV1-1,AJ22,AV1-1.AJ22,BV14,BJ2-7,BD1,BV14.BJ2-7,AV1-1.AJ22_BV14.BJ2-7,AV1-1.AJ22_CAVLAPGSARQLTF,BV14.BJ2-7_CASSQEGRGRYEQYF,AV1-1.AJ22_CAVLAPGSARQLTF & BV14.BJ2-7_CASSQEGRGRYEQYF